College Name,Location,Rating,Reviews,NIRF Ranking,Courses Offered,Important Links
IIT Madras (IITM) - Indian Institute of Technology Madras,N/A,4.7/5,118 Reviews,NIRF Ranking: 1,"JEE Advanced, B.E /B.Tech (11 Courses)","{'Admissions': 'https://www.careers360.com/university/indian-institute-of-technology-madras/admission', 'Placements': 'https://www.careers360.com/university/indian-institute-of-technology-madras/placement', 'Courses': 'https://www.careers360.com/university/indian-institute-of-technology-madras/courses', 'Facilities': 'https://www.careers360.com/university/indian-institute-of-technology-madras/facilities', 'QnA': 'https://www.careers360.com/university/indian-institute-of-technology-madras/all-questions'}"
"IISc Bangalore - Indian Institute of Science, Bangalore",N/A,4.7/5,43 Reviews,NIRF Ranking: 2,"GATE, M.E /M.Tech. (62 Courses)","{'Admissions': 'https://www.careers360.com/university/indian-institute-of-science-bangalore/admission', 'Placements': 'https://www.careers360.com/university/indian-institute-of-science-bangalore/placement', 'Courses': 'https://www.careers360.com/university/indian-institute-of-science-bangalore/courses', 'Facilities': 'https://www.careers360.com/university/indian-institute-of-science-bangalore/facilities', 'QnA': 'https://www.careers360.com/university/indian-institute-of-science-bangalore/all-questions'}"
IIT Bombay - Indian Institute of Technology Bombay,N/A,4.6/5,161 Reviews,NIRF Ranking: 3,"JEE Advanced, B.E /B.Tech (11 Courses)","{'Admissions': 'https://www.careers360.com/university/indian-institute-of-technology-bombay/admission', 'Placements': 'https://www.careers360.com/university/indian-institute-of-technology-bombay/placement', 'Courses': 'https://www.careers360.com/university/indian-institute-of-technology-bombay/courses', 'Facilities': 'https://www.careers360.com/university/indian-institute-of-technology-bombay/facilities', 'QnA': 'https://www.careers360.com/university/indian-institute-of-technology-bombay/all-questions'}"
IIT Delhi - Indian Institute of Technology Delhi,N/A,4.6/5,282 Reviews,NIRF Ranking: 4,"JEE Advanced, B.E /B.Tech (14 Courses)","{'Admissions': 'https://www.careers360.com/university/indian-institute-of-technology-delhi/admission', 'Placements': 'https://www.careers360.com/university/indian-institute-of-technology-delhi/placement', 'Courses': 'https://www.careers360.com/university/indian-institute-of-technology-delhi/courses', 'Facilities': 'https://www.careers360.com/university/indian-institute-of-technology-delhi/facilities', 'QnA': 'https://www.careers360.com/university/indian-institute-of-technology-delhi/all-questions'}"
IIT Kanpur - Indian Institute of Technology Kanpur,N/A,4.4/5,160 Reviews,NIRF Ranking: 5,"JEE Advanced, B.E /B.Tech (9 Courses)","{'Admissions': 'https://www.careers360.com/university/indian-institute-of-technology-kanpur/admission', 'Placements': 'https://www.careers360.com/university/indian-institute-of-technology-kanpur/placement', 'Courses': 'https://www.careers360.com/university/indian-institute-of-technology-kanpur/courses', 'Facilities': 'https://www.careers360.com/university/indian-institute-of-technology-kanpur/facilities', 'QnA': 'https://www.careers360.com/university/indian-institute-of-technology-kanpur/all-questions'}"
IIT Kharagpur - Indian Institute of Technology Kharagpur,N/A,4.7/5,326 Reviews,NIRF Ranking: 6,"JEE Advanced, B.E /B.Tech (16 Courses)","{'Admissions': 'https://www.careers360.com/university/indian-institute-of-technology-kharagpur/admission', 'Placements': 'https://www.careers360.com/university/indian-institute-of-technology-kharagpur/placement', 'Courses': 'https://www.careers360.com/university/indian-institute-of-technology-kharagpur/courses', 'Facilities': 'https://www.careers360.com/university/indian-institute-of-technology-kharagpur/facilities', 'QnA': 'https://www.careers360.com/university/indian-institute-of-technology-kharagpur/all-questions'}"
AIIMS Delhi - All India Institute of Medical Sciences New Delhi,N/A,4.6/5,23 Reviews,NIRF Ranking: 7,B.Sc.(Hons) (1 Course),"{'Admissions': 'https://www.careers360.com/university/all-india-institute-of-medical-sciences-new-delhi/admission', 'Placements': 'https://www.careers360.com/university/all-india-institute-of-medical-sciences-new-delhi/placement', 'Courses': 'https://www.careers360.com/university/all-india-institute-of-medical-sciences-new-delhi/courses', 'Facilities': 'https://www.careers360.com/university/all-india-institute-of-medical-sciences-new-delhi/facilities', 'QnA': 'https://www.careers360.com/university/all-india-institute-of-medical-sciences-new-delhi/all-questions'}"
IIT Roorkee - Indian Institute of Technology Roorkee,N/A,4.4/5,409 Reviews,NIRF Ranking: 8,"JEE Advanced, B.E /B.Tech (13 Courses)","{'Admissions': 'https://www.careers360.com/university/indian-institute-of-technology-roorkee/admission', 'Placements': 'https://www.careers360.com/university/indian-institute-of-technology-roorkee/placement', 'Courses': 'https://www.careers360.com/university/indian-institute-of-technology-roorkee/courses', 'Facilities': 'https://www.careers360.com/university/indian-institute-of-technology-roorkee/facilities', 'QnA': 'https://www.careers360.com/university/indian-institute-of-technology-roorkee/all-questions'}"
IIT Guwahati (IITG) - Indian Institute of Technology Guwahati,N/A,4.3/5,187 Reviews,NIRF Ranking: 9,"JEE Advanced, B.E /B.Tech (12 Courses)","{'Admissions': 'https://www.careers360.com/university/indian-institute-of-technology-guwahati/admission', 'Placements': 'https://www.careers360.com/university/indian-institute-of-technology-guwahati/placement', 'Courses': 'https://www.careers360.com/university/indian-institute-of-technology-guwahati/courses', 'Facilities': 'https://www.careers360.com/university/indian-institute-of-technology-guwahati/facilities', 'QnA': 'https://www.careers360.com/university/indian-institute-of-technology-guwahati/all-questions'}"
"JNU Delhi - Jawaharlal Nehru University, New Delhi",N/A,4.5/5,86 Reviews,NIRF Ranking: 10,,"{'Admissions': 'https://www.careers360.com/university/jawaharlal-nehru-university-new-delhi/admission', 'Placements': 'https://www.careers360.com/university/jawaharlal-nehru-university-new-delhi/placement', 'Courses': 'https://www.careers360.com/university/jawaharlal-nehru-university-new-delhi/courses', 'Facilities': 'https://www.careers360.com/university/jawaharlal-nehru-university-new-delhi/facilities', 'QnA': 'https://www.careers360.com/university/jawaharlal-nehru-university-new-delhi/all-questions'}"
"BHU Varanasi - Banaras Hindu University, Varanasi",N/A,4.4/5,505 Reviews,NIRF Ranking: 11,"CUET UG, B.Sc.(Hons) (12 Courses)","{'Admissions': 'https://www.careers360.com/university/banaras-hindu-university-varanasi/admission', 'Placements': 'https://www.careers360.com/university/banaras-hindu-university-varanasi/placement', 'Courses': 'https://www.careers360.com/university/banaras-hindu-university-varanasi/courses', 'Facilities': 'https://www.careers360.com/university/banaras-hindu-university-varanasi/facilities', 'QnA': 'https://www.careers360.com/university/banaras-hindu-university-varanasi/all-questions'}"
IIT Hyderabad - Indian Institute of Technology Hyderabad,N/A,4.6/5,28 Reviews,NIRF Ranking: 12,"JEE Advanced, B.E /B.Tech (15 Courses)","{'Admissions': 'https://www.careers360.com/university/indian-institute-of-technology-hyderabad/admission', 'Placements': 'https://www.careers360.com/university/indian-institute-of-technology-hyderabad/placement', 'Courses': 'https://www.careers360.com/university/indian-institute-of-technology-hyderabad/courses', 'Facilities': 'https://www.careers360.com/university/indian-institute-of-technology-hyderabad/facilities', 'QnA': 'https://www.careers360.com/university/indian-institute-of-technology-hyderabad/all-questions'}"
"JMI New Delhi - Jamia Millia Islamia, New Delhi",N/A,4.5/5,405 Reviews,NIRF Ranking: 13,"JEE Main, B.E /B.Tech (5 Courses)","{'Admissions': 'https://www.careers360.com/university/jamia-millia-islamia-new-delhi/admission', 'Placements': 'https://www.careers360.com/university/jamia-millia-islamia-new-delhi/placement', 'Courses': 'https://www.careers360.com/university/jamia-millia-islamia-new-delhi/courses', 'Facilities': 'https://www.careers360.com/university/jamia-millia-islamia-new-delhi/facilities', 'QnA': 'https://www.careers360.com/university/jamia-millia-islamia-new-delhi/all-questions'}"
"Manipal Academy of Higher Education (MAHE) - Manipal Academy of Higher Education, Manipal",N/A,4.5/5,31 Reviews,NIRF Ranking: 14,"MET, B.E /B.Tech (43 Courses)","{'Admissions': 'https://www.careers360.com/university/manipal-academy-of-higher-education-manipal/admission', 'Placements': 'https://www.careers360.com/university/manipal-academy-of-higher-education-manipal/placement', 'Courses': 'https://www.careers360.com/university/manipal-academy-of-higher-education-manipal/courses', 'Facilities': 'https://www.careers360.com/university/manipal-academy-of-higher-education-manipal/facilities', 'QnA': 'https://www.careers360.com/university/manipal-academy-of-higher-education-manipal/all-questions'}"
"DU Delhi - University of Delhi, Delhi",N/A,4.2/5,280 Reviews,NIRF Ranking: 15,CUET UG,"{'Admissions': 'https://www.careers360.com/university/university-of-delhi-delhi/admission', 'Placements': 'https://www.careers360.com/university/university-of-delhi-delhi/placement', 'Courses': 'https://www.careers360.com/university/university-of-delhi-delhi/courses', 'Facilities': 'https://www.careers360.com/university/university-of-delhi-delhi/facilities', 'QnA': 'https://www.careers360.com/university/university-of-delhi-delhi/all-questions'}"
"AMU Aligarh - Aligarh Muslim University, Aligarh",N/A,4.7/5,417 Reviews,NIRF Ranking: 16,"AMU Entrance Test, B.E /B.Tech (13 Courses)","{'Admissions': 'https://www.careers360.com/university/aligarh-muslim-university-aligarh/admission', 'Placements': 'https://www.careers360.com/university/aligarh-muslim-university-aligarh/placement', 'Courses': 'https://www.careers360.com/university/aligarh-muslim-university-aligarh/courses', 'Facilities': 'https://www.careers360.com/university/aligarh-muslim-university-aligarh/facilities', 'QnA': 'https://www.careers360.com/university/aligarh-muslim-university-aligarh/all-questions'}"
"Jadavpur University, Kolkata",N/A,4.6/5,231 Reviews,NIRF Ranking: 17,"WBJEE, B.E /B.Tech (18 Courses)","{'Admissions': 'https://www.careers360.com/university/jadavpur-university-kolkata/admission', 'Placements': 'https://www.careers360.com/university/jadavpur-university-kolkata/placement', 'Courses': 'https://www.careers360.com/university/jadavpur-university-kolkata/courses', 'Facilities': 'https://www.careers360.com/university/jadavpur-university-kolkata/facilities', 'QnA': 'https://www.careers360.com/university/jadavpur-university-kolkata/all-questions'}"
"Amrita Vishwa Vidyapeetham, Coimbatore",N/A,4.3/5,121 Reviews,NIRF Ranking: 18,"JEE Main, Amrita Entrance Examination - Engineering, Pearson Undergraduate Entrance Exam for Engineering, B.E /B.Tech (16 Courses)","{'Admissions': 'https://www.careers360.com/university/amrita-vishwa-vidyapeetham-coimbatore/admission', 'Placements': 'https://www.careers360.com/university/amrita-vishwa-vidyapeetham-coimbatore/placement', 'Courses': 'https://www.careers360.com/university/amrita-vishwa-vidyapeetham-coimbatore/courses', 'Facilities': 'https://www.careers360.com/university/amrita-vishwa-vidyapeetham-coimbatore/facilities', 'QnA': 'https://www.careers360.com/university/amrita-vishwa-vidyapeetham-coimbatore/all-questions'}"
"VIT Vellore - Vellore Institute of Technology, Vellore",N/A,4.4/5,798 Reviews,NIRF Ranking: 19,"JEE Main, VIT Engineering Entrance Exam, B.E /B.Tech (15 Courses)","{'Admissions': 'https://www.careers360.com/university/vellore-institute-of-technology-vellore/admission', 'Placements': 'https://www.careers360.com/university/vellore-institute-of-technology-vellore/placement', 'Courses': 'https://www.careers360.com/university/vellore-institute-of-technology-vellore/courses', 'Facilities': 'https://www.careers360.com/university/vellore-institute-of-technology-vellore/facilities', 'QnA': 'https://www.careers360.com/university/vellore-institute-of-technology-vellore/all-questions'}"
"SRM University Chennai - SRM Institute of Science and Technology, Chennai",N/A,4.3/5,735 Reviews,NIRF Ranking: 21,"JEE Main, SRM Joint Engineering Entrance Exam, B.E /B.Tech (54 Courses)","{'Admissions': 'https://www.careers360.com/university/srm-institute-of-science-and-technology-chennai/admission', 'Placements': 'https://www.careers360.com/university/srm-institute-of-science-and-technology-chennai/placement', 'Courses': 'https://www.careers360.com/university/srm-institute-of-science-and-technology-chennai/courses', 'Facilities': 'https://www.careers360.com/university/srm-institute-of-science-and-technology-chennai/facilities', 'QnA': 'https://www.careers360.com/university/srm-institute-of-science-and-technology-chennai/all-questions'}"
"BITS Pilani - Birla Institute of Technology and Science, Pilani",N/A,4.5/5,265 Reviews,NIRF Ranking: 23,"BITSAT, B.Pharma (1 Course)","{'Admissions': 'https://www.careers360.com/university/birla-institute-of-technology-and-science-pilani/admission', 'Placements': 'https://www.careers360.com/university/birla-institute-of-technology-and-science-pilani/placement', 'Courses': 'https://www.careers360.com/university/birla-institute-of-technology-and-science-pilani/courses', 'Facilities': 'https://www.careers360.com/university/birla-institute-of-technology-and-science-pilani/facilities', 'QnA': 'https://www.careers360.com/university/birla-institute-of-technology-and-science-pilani/all-questions'}"
"Siksha 'O' Anusandhan, Bhubaneswar",N/A,4.1/5,151 Reviews,NIRF Ranking: 24,"JEE Main, Siksha O Anusandhan University Admission Test, B.E /B.Tech (18 Courses)","{'Admissions': 'https://www.careers360.com/university/siksha-o-anusandhan-bhubaneswar/admission', 'Placements': 'https://www.careers360.com/university/siksha-o-anusandhan-bhubaneswar/placement', 'Courses': 'https://www.careers360.com/university/siksha-o-anusandhan-bhubaneswar/courses', 'Facilities': 'https://www.careers360.com/university/siksha-o-anusandhan-bhubaneswar/facilities', 'QnA': 'https://www.careers360.com/university/siksha-o-anusandhan-bhubaneswar/all-questions'}"
"University of Hyderabad - University of Hyderabad, Hyderabad",N/A,4.8/5,37 Reviews,NIRF Ranking: 25,"UoH Entrance Exam, Common University Entrance Test (PG), M.Sc. (13 Courses)","{'Admissions': 'https://www.careers360.com/university/university-of-hyderabad-hyderabad/admission', 'Placements': 'https://www.careers360.com/university/university-of-hyderabad-hyderabad/placement', 'Courses': 'https://www.careers360.com/university/university-of-hyderabad-hyderabad/courses', 'Facilities': 'https://www.careers360.com/university/university-of-hyderabad-hyderabad/facilities', 'QnA': 'https://www.careers360.com/university/university-of-hyderabad-hyderabad/all-questions'}"
"Calcutta University - University of Calcutta, Kolkata",N/A,4.2/5,57 Reviews,NIRF Ranking: 26,,"{'Admissions': 'https://www.careers360.com/university/university-of-calcutta-kolkata/admission', 'Placements': 'https://www.careers360.com/university/university-of-calcutta-kolkata/placement', 'Courses': 'https://www.careers360.com/university/university-of-calcutta-kolkata/courses', 'Facilities': 'https://www.careers360.com/university/university-of-calcutta-kolkata/facilities', 'QnA': 'https://www.careers360.com/university/university-of-calcutta-kolkata/all-questions'}"
"Homi Bhabha National Institute, Mumbai",N/A,N/A,N/A,NIRF Ranking: 27,"NEET SS, M.Ch. (4 Courses)","{'Admissions': 'https://www.careers360.com/university/homi-bhabha-national-institute-mumbai/admission', 'Placements': 'https://www.careers360.com/university/homi-bhabha-national-institute-mumbai/placement', 'Courses': 'https://www.careers360.com/university/homi-bhabha-national-institute-mumbai/courses', 'Facilities': 'https://www.careers360.com/university/homi-bhabha-national-institute-mumbai/facilities', 'QnA': 'https://www.careers360.com/university/homi-bhabha-national-institute-mumbai/all-questions'}"
"KIIT University - Kalinga Institute of Industrial Technology, Bhubaneswar",N/A,4.3/5,564 Reviews,NIRF Ranking: 28,"KIITEE, B.E /B.Tech (18 Courses)","{'Admissions': 'https://www.careers360.com/university/kalinga-institute-of-industrial-technology-bhubaneswar/admission', 'Placements': 'https://www.careers360.com/university/kalinga-institute-of-industrial-technology-bhubaneswar/placement', 'Courses': 'https://www.careers360.com/university/kalinga-institute-of-industrial-technology-bhubaneswar/courses', 'Facilities': 'https://www.careers360.com/university/kalinga-institute-of-industrial-technology-bhubaneswar/facilities', 'QnA': 'https://www.careers360.com/university/kalinga-institute-of-industrial-technology-bhubaneswar/all-questions'}"
IIT Gandhinagar (IIT GN) - Indian Institute of Technology Gandhinagar,N/A,4.4/5,21 Reviews,NIRF Ranking: 29,"JAM, M.Sc. (4 Courses)","{'Admissions': 'https://www.careers360.com/university/indian-institute-of-technology-gandhinagar/admission', 'Placements': 'https://www.careers360.com/university/indian-institute-of-technology-gandhinagar/placement', 'Courses': 'https://www.careers360.com/university/indian-institute-of-technology-gandhinagar/courses', 'Facilities': 'https://www.careers360.com/university/indian-institute-of-technology-gandhinagar/facilities', 'QnA': 'https://www.careers360.com/university/indian-institute-of-technology-gandhinagar/all-questions'}"
IIT BHU - Indian Institute of Technology Banaras Hindu University Varanasi,N/A,4.6/5,161 Reviews,NIRF Ranking: 30,"JEE Advanced, B.E /B.Tech (9 Courses)","{'Admissions': 'https://www.careers360.com/university/indian-institute-of-technology-banaras-hindu-university-varanasi/admission', 'Placements': 'https://www.careers360.com/university/indian-institute-of-technology-banaras-hindu-university-varanasi/placement', 'Courses': 'https://www.careers360.com/university/indian-institute-of-technology-banaras-hindu-university-varanasi/courses', 'Facilities': 'https://www.careers360.com/university/indian-institute-of-technology-banaras-hindu-university-varanasi/facilities', 'QnA': 'https://www.careers360.com/university/indian-institute-of-technology-banaras-hindu-university-varanasi/all-questions'}"
NIT Trichy - National Institute of Technology Tiruchirappalli,N/A,4.4/5,305 Reviews,NIRF Ranking: 31,"JEE Main, B.E /B.Tech (9 Courses)","{'Admissions': 'https://www.careers360.com/university/national-institute-of-technology-tiruchirappalli/admission', 'Placements': 'https://www.careers360.com/university/national-institute-of-technology-tiruchirappalli/placement', 'Courses': 'https://www.careers360.com/university/national-institute-of-technology-tiruchirappalli/courses', 'Facilities': 'https://www.careers360.com/university/national-institute-of-technology-tiruchirappalli/facilities', 'QnA': 'https://www.careers360.com/university/national-institute-of-technology-tiruchirappalli/all-questions'}"
IIT Indore - Indian Institute of Technology Indore,N/A,4.6/5,36 Reviews,NIRF Ranking: 33,"JEE Advanced, B.E /B.Tech (9 Courses)","{'Admissions': 'https://www.careers360.com/university/indian-institute-of-technology-indore/admission', 'Placements': 'https://www.careers360.com/university/indian-institute-of-technology-indore/placement', 'Courses': 'https://www.careers360.com/university/indian-institute-of-technology-indore/courses', 'Facilities': 'https://www.careers360.com/university/indian-institute-of-technology-indore/facilities', 'QnA': 'https://www.careers360.com/university/indian-institute-of-technology-indore/all-questions'}"
NIT Rourkela - National Institute of Technology Rourkela,N/A,4.6/5,341 Reviews,NIRF Ranking: 34,"JEE Main, B.E /B.Tech (15 Courses)","{'Admissions': 'https://www.careers360.com/university/national-institute-of-technology-rourkela/admission', 'Placements': 'https://www.careers360.com/university/national-institute-of-technology-rourkela/placement', 'Courses': 'https://www.careers360.com/university/national-institute-of-technology-rourkela/courses', 'Facilities': 'https://www.careers360.com/university/national-institute-of-technology-rourkela/facilities', 'QnA': 'https://www.careers360.com/university/national-institute-of-technology-rourkela/all-questions'}"
IIT ISM Dhanbad - Indian Institute of Technology Indian School of Mines Dhanbad,N/A,4.3/5,204 Reviews,NIRF Ranking: 35,"JEE Advanced, B.E /B.Tech (13 Courses)","{'Admissions': 'https://www.careers360.com/university/indian-institute-of-technology-indian-school-of-mines-dhanbad/admission', 'Placements': 'https://www.careers360.com/university/indian-institute-of-technology-indian-school-of-mines-dhanbad/placement', 'Courses': 'https://www.careers360.com/university/indian-institute-of-technology-indian-school-of-mines-dhanbad/courses', 'Facilities': 'https://www.careers360.com/university/indian-institute-of-technology-indian-school-of-mines-dhanbad/facilities', 'QnA': 'https://www.careers360.com/university/indian-institute-of-technology-indian-school-of-mines-dhanbad/all-questions'}"
"JSS Academy of Higher Education and Research, Mysuru",N/A,4.2/5,2 Reviews,NIRF Ranking: 36,M.Sc. (17 Courses),"{'Admissions': 'https://www.careers360.com/university/jss-academy-of-higher-education-and-research-mysuru/admission', 'Placements': 'https://www.careers360.com/university/jss-academy-of-higher-education-and-research-mysuru/placement', 'Courses': 'https://www.careers360.com/university/jss-academy-of-higher-education-and-research-mysuru/courses', 'Facilities': 'https://www.careers360.com/university/jss-academy-of-higher-education-and-research-mysuru/facilities', 'QnA': 'https://www.careers360.com/university/jss-academy-of-higher-education-and-research-mysuru/all-questions'}"
"UNIPUNE (Pune University) - Savitribai Phule Pune University, Pune",N/A,4.3/5,72 Reviews,NIRF Ranking: 37,B.Sc. (8 Courses),"{'Admissions': 'https://www.careers360.com/university/savitribai-phule-pune-university-pune/admission', 'Placements': 'https://www.careers360.com/university/savitribai-phule-pune-university-pune/placement', 'Courses': 'https://www.careers360.com/university/savitribai-phule-pune-university-pune/courses', 'Facilities': 'https://www.careers360.com/university/savitribai-phule-pune-university-pune/facilities', 'QnA': 'https://www.careers360.com/university/savitribai-phule-pune-university-pune/all-questions'}"
"Kerala University - University of Kerala, Thiruvananthapuram",N/A,4.5/5,4 Reviews,NIRF Ranking: 38,"KEAM, B.E /B.Tech (3 Courses)","{'Admissions': 'https://www.careers360.com/university/university-of-kerala-thiruvananthapuram/admission', 'Placements': 'https://www.careers360.com/university/university-of-kerala-thiruvananthapuram/placement', 'Courses': 'https://www.careers360.com/university/university-of-kerala-thiruvananthapuram/courses', 'Facilities': 'https://www.careers360.com/university/university-of-kerala-thiruvananthapuram/facilities', 'QnA': 'https://www.careers360.com/university/university-of-kerala-thiruvananthapuram/all-questions'}"
JIPMER Puducherry - Jawaharlal Institute of Postgraduate Medical Education and Research Puducherry,N/A,4.8/5,6 Reviews,NIRF Ranking: 39,B.Sc. (10 Courses),"{'Admissions': 'https://www.careers360.com/university/jawaharlal-institute-of-postgraduate-medical-education-and-research-puducherry/admission', 'Placements': 'https://www.careers360.com/university/jawaharlal-institute-of-postgraduate-medical-education-and-research-puducherry/placement', 'Courses': 'https://www.careers360.com/university/jawaharlal-institute-of-postgraduate-medical-education-and-research-puducherry/courses', 'Facilities': 'https://www.careers360.com/university/jawaharlal-institute-of-postgraduate-medical-education-and-research-puducherry/facilities', 'QnA': 'https://www.careers360.com/university/jawaharlal-institute-of-postgraduate-medical-education-and-research-puducherry/all-questions'}"
"KL University Guntur - Koneru Lakshmaiah Education Foundation, Guntur",N/A,4.4/5,133 Reviews,NIRF Ranking: 40,"JEE Main, KL University Engineering Entrance Examination, Uni- Gauge-E Entrance Exam, Andhra Pradesh Engineering Agriculture and Medical Common Entrance Test, Pearson Undergraduate Entrance Exam for Engineering, B.E /B.Tech (18 Courses)","{'Admissions': 'https://www.careers360.com/university/koneru-lakshmaiah-education-foundation-guntur/admission', 'Placements': 'https://www.careers360.com/university/koneru-lakshmaiah-education-foundation-guntur/placement', 'Courses': 'https://www.careers360.com/university/koneru-lakshmaiah-education-foundation-guntur/courses', 'Facilities': 'https://www.careers360.com/university/koneru-lakshmaiah-education-foundation-guntur/facilities', 'QnA': 'https://www.careers360.com/university/koneru-lakshmaiah-education-foundation-guntur/all-questions'}"
IISER Pune - Indian Institute of Science Education and Research Pune,N/A,4.1/5,8 Reviews,NIRF Ranking: 42,Ph.D (5 Courses),"{'Admissions': 'https://www.careers360.com/university/indian-institute-of-science-education-and-research-pune/admission', 'Placements': 'https://www.careers360.com/university/indian-institute-of-science-education-and-research-pune/placement', 'Courses': 'https://www.careers360.com/university/indian-institute-of-science-education-and-research-pune/courses', 'Facilities': 'https://www.careers360.com/university/indian-institute-of-science-education-and-research-pune/facilities', 'QnA': 'https://www.careers360.com/university/indian-institute-of-science-education-and-research-pune/all-questions'}"
"Thapar University - Thapar Institute of Engineering and Technology, Patiala",N/A,4.3/5,334 Reviews,NIRF Ranking: 43,B.E /B.Tech (32 Courses),"{'Admissions': 'https://www.careers360.com/university/thapar-institute-of-engineering-and-technology-patiala/admission', 'Placements': 'https://www.careers360.com/university/thapar-institute-of-engineering-and-technology-patiala/placement', 'Courses': 'https://www.careers360.com/university/thapar-institute-of-engineering-and-technology-patiala/courses', 'Facilities': 'https://www.careers360.com/university/thapar-institute-of-engineering-and-technology-patiala/facilities', 'QnA': 'https://www.careers360.com/university/thapar-institute-of-engineering-and-technology-patiala/all-questions'}"
"Bharathiar University - Bharathiar University, Coimbatore",N/A,4.1/5,13 Reviews,NIRF Ranking: 44,,"{'Admissions': 'https://www.careers360.com/university/bharathiar-university-coimbatore/admission', 'Placements': 'https://www.careers360.com/university/bharathiar-university-coimbatore/placement', 'Courses': 'https://www.careers360.com/university/bharathiar-university-coimbatore/courses', 'Facilities': 'https://www.careers360.com/university/bharathiar-university-coimbatore/facilities', 'QnA': 'https://www.careers360.com/university/bharathiar-university-coimbatore/all-questions'}"
"LPU Jalandhar - Lovely Professional University, Phagwara",N/A,4.4/5,1150 Reviews,NIRF Ranking: 45,"LPU NEST, Ph.D (17 Courses)","{'Admissions': 'https://www.careers360.com/university/lovely-professional-university-phagwara/admission', 'Placements': 'https://www.careers360.com/university/lovely-professional-university-phagwara/placement', 'Courses': 'https://www.careers360.com/university/lovely-professional-university-phagwara/courses', 'Facilities': 'https://www.careers360.com/university/lovely-professional-university-phagwara/facilities', 'QnA': 'https://www.careers360.com/university/lovely-professional-university-phagwara/all-questions'}"
NIT Surathkal (NITK) - National Institute of Technology Karnataka Surathkal,N/A,4.4/5,95 Reviews,NIRF Ranking: 46,"JEE Main, B.E /B.Tech (12 Courses)","{'Admissions': 'https://www.careers360.com/university/national-institute-of-technology-karnataka-surathkal/admission', 'Placements': 'https://www.careers360.com/university/national-institute-of-technology-karnataka-surathkal/placement', 'Courses': 'https://www.careers360.com/university/national-institute-of-technology-karnataka-surathkal/courses', 'Facilities': 'https://www.careers360.com/university/national-institute-of-technology-karnataka-surathkal/facilities', 'QnA': 'https://www.careers360.com/university/national-institute-of-technology-karnataka-surathkal/all-questions'}"
"SASTRA University Thanjavur - Shanmugha Arts Science Technology Research and Academy, Thanjavur",N/A,4.2/5,183 Reviews,NIRF Ranking: 47,M.C.A. (2 Courses),"{'Admissions': 'https://www.careers360.com/university/shanmugha-arts-science-technology-research-and-academy-thanjavur/admission', 'Placements': 'https://www.careers360.com/university/shanmugha-arts-science-technology-research-and-academy-thanjavur/placement', 'Courses': 'https://www.careers360.com/university/shanmugha-arts-science-technology-research-and-academy-thanjavur/courses', 'Facilities': 'https://www.careers360.com/university/shanmugha-arts-science-technology-research-and-academy-thanjavur/facilities', 'QnA': 'https://www.careers360.com/university/shanmugha-arts-science-technology-research-and-academy-thanjavur/all-questions'}"
IIT Ropar (IIT-RPR) - Indian Institute of Technology Ropar,N/A,4.5/5,126 Reviews,NIRF Ranking: 48,"JEE Advanced, B.E /B.Tech (9 Courses)","{'Admissions': 'https://www.careers360.com/university/indian-institute-of-technology-ropar/admission', 'Placements': 'https://www.careers360.com/university/indian-institute-of-technology-ropar/placement', 'Courses': 'https://www.careers360.com/university/indian-institute-of-technology-ropar/courses', 'Facilities': 'https://www.careers360.com/university/indian-institute-of-technology-ropar/facilities', 'QnA': 'https://www.careers360.com/university/indian-institute-of-technology-ropar/all-questions'}"
"Amity University, Noida",N/A,4.1/5,399 Reviews,NIRF Ranking: 49,"JEE Main, B.E /B.Tech (13 Courses)","{'Admissions': 'https://www.careers360.com/university/amity-university-noida/admission', 'Placements': 'https://www.careers360.com/university/amity-university-noida/placement', 'Courses': 'https://www.careers360.com/university/amity-university-noida/courses', 'Facilities': 'https://www.careers360.com/university/amity-university-noida/facilities', 'QnA': 'https://www.careers360.com/university/amity-university-noida/all-questions'}"
"Kalasalingam Academy of Research and Education, Virudhunagar",N/A,4.0/5,35 Reviews,NIRF Ranking: 50,"JEE Main, B.E /B.Tech (18 Courses)","{'Admissions': 'https://www.careers360.com/university/kalasalingam-academy-of-research-and-education-virudhunagar/admission', 'Placements': 'https://www.careers360.com/university/kalasalingam-academy-of-research-and-education-virudhunagar/placement', 'Courses': 'https://www.careers360.com/university/kalasalingam-academy-of-research-and-education-virudhunagar/courses', 'Facilities': 'https://www.careers360.com/university/kalasalingam-academy-of-research-and-education-virudhunagar/facilities', 'QnA': 'https://www.careers360.com/university/kalasalingam-academy-of-research-and-education-virudhunagar/all-questions'}"
"CUSAT Kochi - Cochin University of Science and Technology, Kochi",N/A,4.3/5,36 Reviews,NIRF Ranking: 51,"CUSAT CAT, B.E /B.Tech (12 Courses)","{'Admissions': 'https://www.careers360.com/university/cochin-university-of-science-and-technology-kochi/admission', 'Placements': 'https://www.careers360.com/university/cochin-university-of-science-and-technology-kochi/placement', 'Courses': 'https://www.careers360.com/university/cochin-university-of-science-and-technology-kochi/courses', 'Facilities': 'https://www.careers360.com/university/cochin-university-of-science-and-technology-kochi/facilities', 'QnA': 'https://www.careers360.com/university/cochin-university-of-science-and-technology-kochi/all-questions'}"
NIT Warangal - National Institute of Technology Warangal,N/A,4.6/5,142 Reviews,NIRF Ranking: 53,"JEE Main, B.E /B.Tech (12 Courses)","{'Admissions': 'https://www.careers360.com/university/national-institute-of-technology-warangal/admission', 'Placements': 'https://www.careers360.com/university/national-institute-of-technology-warangal/placement', 'Courses': 'https://www.careers360.com/university/national-institute-of-technology-warangal/courses', 'Facilities': 'https://www.careers360.com/university/national-institute-of-technology-warangal/facilities', 'QnA': 'https://www.careers360.com/university/national-institute-of-technology-warangal/all-questions'}"
NIT Calicut - National Institute of Technology Calicut,N/A,4.3/5,152 Reviews,NIRF Ranking: 54,"JEE Main, B.E /B.Tech (10 Courses)","{'Admissions': 'https://www.careers360.com/university/national-institute-of-technology-calicut/admission', 'Placements': 'https://www.careers360.com/university/national-institute-of-technology-calicut/placement', 'Courses': 'https://www.careers360.com/university/national-institute-of-technology-calicut/courses', 'Facilities': 'https://www.careers360.com/university/national-institute-of-technology-calicut/facilities', 'QnA': 'https://www.careers360.com/university/national-institute-of-technology-calicut/all-questions'}"
"Bharathidasan University - Bharathidasan University, Tiruchirappalli",N/A,4.2/5,7 Reviews,NIRF Ranking: 55,,"{'Admissions': 'https://www.careers360.com/university/bharathidasan-university-tiruchirappalli/admission', 'Placements': 'https://www.careers360.com/university/bharathidasan-university-tiruchirappalli/placement', 'Courses': 'https://www.careers360.com/university/bharathidasan-university-tiruchirappalli/courses', 'Facilities': 'https://www.careers360.com/university/bharathidasan-university-tiruchirappalli/facilities', 'QnA': 'https://www.careers360.com/university/bharathidasan-university-tiruchirappalli/all-questions'}"
"ICT Mumbai - Institute of Chemical Technology, Mumbai",N/A,4.5/5,25 Reviews,NIRF Ranking: 56,"JEE Main, Maharashtra Common Entrance Test, B.E /B.Tech (8 Courses)","{'Admissions': 'https://www.careers360.com/university/institute-of-chemical-technology-mumbai/admission', 'Placements': 'https://www.careers360.com/university/institute-of-chemical-technology-mumbai/placement', 'Courses': 'https://www.careers360.com/university/institute-of-chemical-technology-mumbai/courses', 'Facilities': 'https://www.careers360.com/university/institute-of-chemical-technology-mumbai/facilities', 'QnA': 'https://www.careers360.com/university/institute-of-chemical-technology-mumbai/all-questions'}"
"Gauhati University - Gauhati University, Guwahati",N/A,3.9/5,28 Reviews,NIRF Ranking: 57,,"{'Admissions': 'https://www.careers360.com/university/gauhati-university-guwahati/admission', 'Placements': 'https://www.careers360.com/university/gauhati-university-guwahati/placement', 'Courses': 'https://www.careers360.com/university/gauhati-university-guwahati/courses', 'Facilities': 'https://www.careers360.com/university/gauhati-university-guwahati/facilities', 'QnA': 'https://www.careers360.com/university/gauhati-university-guwahati/all-questions'}"
"BBAU Lucknow - Babasaheb Bhimrao Ambedkar University, Lucknow",N/A,4.4/5,46 Reviews,NIRF Ranking: 58,M.Sc. (23 Courses),"{'Admissions': 'https://www.careers360.com/university/babasaheb-bhimrao-ambedkar-university-lucknow/admission', 'Placements': 'https://www.careers360.com/university/babasaheb-bhimrao-ambedkar-university-lucknow/placement', 'Courses': 'https://www.careers360.com/university/babasaheb-bhimrao-ambedkar-university-lucknow/courses', 'Facilities': 'https://www.careers360.com/university/babasaheb-bhimrao-ambedkar-university-lucknow/facilities', 'QnA': 'https://www.careers360.com/university/babasaheb-bhimrao-ambedkar-university-lucknow/all-questions'}"
"Panjab University (PUCHD) - Panjab University, Chandigarh",N/A,4.2/5,127 Reviews,NIRF Ranking: 60,B.Sc. (4 Courses),"{'Admissions': 'https://www.careers360.com/university/panjab-university-chandigarh/admission', 'Placements': 'https://www.careers360.com/university/panjab-university-chandigarh/placement', 'Courses': 'https://www.careers360.com/university/panjab-university-chandigarh/courses', 'Facilities': 'https://www.careers360.com/university/panjab-university-chandigarh/facilities', 'QnA': 'https://www.careers360.com/university/panjab-university-chandigarh/all-questions'}"
IISER Kolkata - Indian Institute of Science Education and Research Kolkata,N/A,3.9/5,4 Reviews,NIRF Ranking: 61,,"{'Admissions': 'https://www.careers360.com/university/indian-institute-of-science-education-and-research-kolkata/admission', 'Placements': 'https://www.careers360.com/university/indian-institute-of-science-education-and-research-kolkata/placement', 'Courses': 'https://www.careers360.com/university/indian-institute-of-science-education-and-research-kolkata/courses', 'Facilities': 'https://www.careers360.com/university/indian-institute-of-science-education-and-research-kolkata/facilities', 'QnA': 'https://www.careers360.com/university/indian-institute-of-science-education-and-research-kolkata/all-questions'}"
"Jamia Hamdard, New Delhi",N/A,4.4/5,108 Reviews,NIRF Ranking: 62,"JEE Main, B.E /B.Tech (6 Courses)","{'Admissions': 'https://www.careers360.com/university/jamia-hamdard-new-delhi/admission', 'Placements': 'https://www.careers360.com/university/jamia-hamdard-new-delhi/placement', 'Courses': 'https://www.careers360.com/university/jamia-hamdard-new-delhi/courses', 'Facilities': 'https://www.careers360.com/university/jamia-hamdard-new-delhi/facilities', 'QnA': 'https://www.careers360.com/university/jamia-hamdard-new-delhi/all-questions'}"
IISER Mohali - Indian Institute of Science Education and Research Mohali,N/A,4.3/5,10 Reviews,NIRF Ranking: 64,Ph.D (5 Courses),"{'Admissions': 'https://www.careers360.com/university/indian-institute-of-science-education-and-research-mohali/admission', 'Placements': 'https://www.careers360.com/university/indian-institute-of-science-education-and-research-mohali/placement', 'Courses': 'https://www.careers360.com/university/indian-institute-of-science-education-and-research-mohali/courses', 'Facilities': 'https://www.careers360.com/university/indian-institute-of-science-education-and-research-mohali/facilities', 'QnA': 'https://www.careers360.com/university/indian-institute-of-science-education-and-research-mohali/all-questions'}"
"Madras University - University of Madras, Chennai",N/A,4.4/5,9 Reviews,NIRF Ranking: 64,,"{'Admissions': 'https://www.careers360.com/university/university-of-madras-chennai/admission', 'Placements': 'https://www.careers360.com/university/university-of-madras-chennai/placement', 'Courses': 'https://www.careers360.com/university/university-of-madras-chennai/courses', 'Facilities': 'https://www.careers360.com/university/university-of-madras-chennai/facilities', 'QnA': 'https://www.careers360.com/university/university-of-madras-chennai/all-questions'}"
"DTU Delhi - Delhi Technological University, Delhi",N/A,4.5/5,436 Reviews,NIRF Ranking: 66,B.E /B.Tech (21 Courses),"{'Admissions': 'https://www.careers360.com/university/delhi-technological-university-delhi/admission', 'Placements': 'https://www.careers360.com/university/delhi-technological-university-delhi/placement', 'Courses': 'https://www.careers360.com/university/delhi-technological-university-delhi/courses', 'Facilities': 'https://www.careers360.com/university/delhi-technological-university-delhi/facilities', 'QnA': 'https://www.careers360.com/university/delhi-technological-university-delhi/all-questions'}"
"MG University (MGU) - Mahatma Gandhi University, Kottayam",N/A,3.6/5,6 Reviews,NIRF Ranking: 67,B.Sc. (2 Courses),"{'Admissions': 'https://www.careers360.com/university/mahatma-gandhi-university-kottayam/admission', 'Placements': 'https://www.careers360.com/university/mahatma-gandhi-university-kottayam/placement', 'Courses': 'https://www.careers360.com/university/mahatma-gandhi-university-kottayam/courses', 'Facilities': 'https://www.careers360.com/university/mahatma-gandhi-university-kottayam/facilities', 'QnA': 'https://www.careers360.com/university/mahatma-gandhi-university-kottayam/all-questions'}"
IIT Jodhpur - Indian Institute of Technology Jodhpur,N/A,4.4/5,68 Reviews,NIRF Ranking: 68,"JEE Advanced, B.E /B.Tech (8 Courses)","{'Admissions': 'https://www.careers360.com/university/indian-institute-of-technology-jodhpur/admission', 'Placements': 'https://www.careers360.com/university/indian-institute-of-technology-jodhpur/placement', 'Courses': 'https://www.careers360.com/university/indian-institute-of-technology-jodhpur/courses', 'Facilities': 'https://www.careers360.com/university/indian-institute-of-technology-jodhpur/facilities', 'QnA': 'https://www.careers360.com/university/indian-institute-of-technology-jodhpur/all-questions'}"
"Kashmir University - University of Kashmir, Srinagar",N/A,4.0/5,20 Reviews,NIRF Ranking: 69,B.Sc. (2 Courses),"{'Admissions': 'https://www.careers360.com/university/university-of-kashmir-srinagar/admission', 'Placements': 'https://www.careers360.com/university/university-of-kashmir-srinagar/placement', 'Courses': 'https://www.careers360.com/university/university-of-kashmir-srinagar/courses', 'Facilities': 'https://www.careers360.com/university/university-of-kashmir-srinagar/facilities', 'QnA': 'https://www.careers360.com/university/university-of-kashmir-srinagar/all-questions'}"
"Osmania University - Osmania University, Hyderabad",N/A,4.0/5,52 Reviews,NIRF Ranking: 70,"TS EAMCET, B.E /B.Tech (8 Courses)","{'Admissions': 'https://www.careers360.com/university/osmania-university-hyderabad/admission', 'Placements': 'https://www.careers360.com/university/osmania-university-hyderabad/placement', 'Courses': 'https://www.careers360.com/university/osmania-university-hyderabad/courses', 'Facilities': 'https://www.careers360.com/university/osmania-university-hyderabad/facilities', 'QnA': 'https://www.careers360.com/university/osmania-university-hyderabad/all-questions'}"
"DMIHER - Datta Meghe Institute of Higher Education and Research, Wardha",N/A,4.4/5,5 Reviews,NIRF Ranking: 71,B.Sc. (2 Courses),"{'Admissions': 'https://www.careers360.com/university/datta-meghe-institute-of-higher-education-and-research-wardha/admission', 'Placements': 'https://www.careers360.com/university/datta-meghe-institute-of-higher-education-and-research-wardha/placement', 'Courses': 'https://www.careers360.com/university/datta-meghe-institute-of-higher-education-and-research-wardha/courses', 'Facilities': 'https://www.careers360.com/university/datta-meghe-institute-of-higher-education-and-research-wardha/facilities', 'QnA': 'https://www.careers360.com/university/datta-meghe-institute-of-higher-education-and-research-wardha/all-questions'}"
IIT Mandi - Indian Institute of Technology Mandi,N/A,4.4/5,27 Reviews,NIRF Ranking: 72,B.E /B.Tech (11 Courses),"{'Admissions': 'https://www.careers360.com/university/indian-institute-of-technology-mandi/admission', 'Placements': 'https://www.careers360.com/university/indian-institute-of-technology-mandi/placement', 'Courses': 'https://www.careers360.com/university/indian-institute-of-technology-mandi/courses', 'Facilities': 'https://www.careers360.com/university/indian-institute-of-technology-mandi/facilities', 'QnA': 'https://www.careers360.com/university/indian-institute-of-technology-mandi/all-questions'}"
IIT Patna - Indian Institute of Technology Patna,N/A,4.7/5,54 Reviews,NIRF Ranking: 73,"JEE Advanced, B.E /B.Tech (11 Courses)","{'Admissions': 'https://www.careers360.com/university/indian-institute-of-technology-patna/admission', 'Placements': 'https://www.careers360.com/university/indian-institute-of-technology-patna/placement', 'Courses': 'https://www.careers360.com/university/indian-institute-of-technology-patna/courses', 'Facilities': 'https://www.careers360.com/university/indian-institute-of-technology-patna/facilities', 'QnA': 'https://www.careers360.com/university/indian-institute-of-technology-patna/all-questions'}"
AIIMS Rishikesh - All India Institute of Medical Sciences Rishikesh,N/A,4.7/5,7 Reviews,NIRF Ranking: 74,,"{'Admissions': 'https://www.careers360.com/university/all-india-institute-of-medical-sciences-rishikesh/admission', 'Placements': 'https://www.careers360.com/university/all-india-institute-of-medical-sciences-rishikesh/placement', 'Courses': 'https://www.careers360.com/university/all-india-institute-of-medical-sciences-rishikesh/courses', 'Facilities': 'https://www.careers360.com/university/all-india-institute-of-medical-sciences-rishikesh/facilities', 'QnA': 'https://www.careers360.com/university/all-india-institute-of-medical-sciences-rishikesh/all-questions'}"
ISI Kolkata - Indian Statistical Institute Kolkata,N/A,4.0/5,14 Reviews,NIRF Ranking: 75,B.Sc.(Hons) (1 Course),"{'Admissions': 'https://www.careers360.com/university/indian-statistical-institute-kolkata/admission', 'Placements': 'https://www.careers360.com/university/indian-statistical-institute-kolkata/placement', 'Courses': 'https://www.careers360.com/university/indian-statistical-institute-kolkata/courses', 'Facilities': 'https://www.careers360.com/university/indian-statistical-institute-kolkata/facilities', 'QnA': 'https://www.careers360.com/university/indian-statistical-institute-kolkata/all-questions'}"
"Alagappa University - Alagappa University, Karaikudi",N/A,4.2/5,4 Reviews,NIRF Ranking: 76,,"{'Admissions': 'https://www.careers360.com/university/alagappa-university-karaikudi/admission', 'Placements': 'https://www.careers360.com/university/alagappa-university-karaikudi/placement', 'Courses': 'https://www.careers360.com/university/alagappa-university-karaikudi/courses', 'Facilities': 'https://www.careers360.com/university/alagappa-university-karaikudi/facilities'}"
VNIT Nagpur - Visvesvaraya National Institute of Technology Nagpur,N/A,4.2/5,124 Reviews,NIRF Ranking: 77,"JEE Main, B.E /B.Tech (8 Courses)","{'Admissions': 'https://www.careers360.com/university/visvesvaraya-national-institute-of-technology-nagpur/admission', 'Placements': 'https://www.careers360.com/university/visvesvaraya-national-institute-of-technology-nagpur/placement', 'Courses': 'https://www.careers360.com/university/visvesvaraya-national-institute-of-technology-nagpur/courses', 'Facilities': 'https://www.careers360.com/university/visvesvaraya-national-institute-of-technology-nagpur/facilities', 'QnA': 'https://www.careers360.com/university/visvesvaraya-national-institute-of-technology-nagpur/all-questions'}"
IISER Bhopal - Indian Institute of Science Education and Research Bhopal,N/A,4.3/5,12 Reviews,NIRF Ranking: 78,JAM,"{'Admissions': 'https://www.careers360.com/university/indian-institute-of-science-education-and-research-bhopal/admission', 'Placements': 'https://www.careers360.com/university/indian-institute-of-science-education-and-research-bhopal/placement', 'Courses': 'https://www.careers360.com/university/indian-institute-of-science-education-and-research-bhopal/courses', 'Facilities': 'https://www.careers360.com/university/indian-institute-of-science-education-and-research-bhopal/facilities', 'QnA': 'https://www.careers360.com/university/indian-institute-of-science-education-and-research-bhopal/all-questions'}"
"Graphic Era University, Dehradun",N/A,4.1/5,192 Reviews,NIRF Ranking: 79,"JEE Main, Pearson Undergraduate Entrance Exam for Engineering, B.E /B.Tech (26 Courses)","{'Admissions': 'https://www.careers360.com/university/graphic-era-university-dehradun/admission', 'Placements': 'https://www.careers360.com/university/graphic-era-university-dehradun/placement', 'Courses': 'https://www.careers360.com/university/graphic-era-university-dehradun/courses', 'Facilities': 'https://www.careers360.com/university/graphic-era-university-dehradun/facilities', 'QnA': 'https://www.careers360.com/university/graphic-era-university-dehradun/all-questions'}"
"PAU Ludhiana - Punjab Agricultural University, Ludhiana",N/A,4.2/5,7 Reviews,NIRF Ranking: 80,"PAU CET, B.Sc.(Hons) (7 Courses)","{'Admissions': 'https://www.careers360.com/university/punjab-agricultural-university-ludhiana/admission', 'Placements': 'https://www.careers360.com/university/punjab-agricultural-university-ludhiana/placement', 'Courses': 'https://www.careers360.com/university/punjab-agricultural-university-ludhiana/courses', 'Facilities': 'https://www.careers360.com/university/punjab-agricultural-university-ludhiana/facilities', 'QnA': 'https://www.careers360.com/university/punjab-agricultural-university-ludhiana/all-questions'}"
"SSN College of Engineering - Sri Sivasubramaniya Nadar College of Engineering, Kalavakkam",N/A,4.6/5,65 Reviews,NIRF Ranking: 81,B.E /B.Tech (8 Courses),"{'Admissions': 'https://www.careers360.com/colleges/sri-sivasubramaniya-nadar-college-of-engineering-kalavakkam/admission', 'Placements': 'https://www.careers360.com/colleges/sri-sivasubramaniya-nadar-college-of-engineering-kalavakkam/placement', 'Courses': 'https://www.careers360.com/colleges/sri-sivasubramaniya-nadar-college-of-engineering-kalavakkam/courses', 'Facilities': 'https://www.careers360.com/colleges/sri-sivasubramaniya-nadar-college-of-engineering-kalavakkam/facilities', 'QnA': 'https://www.careers360.com/colleges/sri-sivasubramaniya-nadar-college-of-engineering-kalavakkam/all-questions'}"
MNIT Jaipur - Malaviya National Institute of Technology Jaipur,N/A,4.3/5,276 Reviews,NIRF Ranking: 82,"JEE Main, B.E /B.Tech (8 Courses)","{'Admissions': 'https://www.careers360.com/university/malaviya-national-institute-of-technology-jaipur/admission', 'Placements': 'https://www.careers360.com/university/malaviya-national-institute-of-technology-jaipur/placement', 'Courses': 'https://www.careers360.com/university/malaviya-national-institute-of-technology-jaipur/courses', 'Facilities': 'https://www.careers360.com/university/malaviya-national-institute-of-technology-jaipur/facilities', 'QnA': 'https://www.careers360.com/university/malaviya-national-institute-of-technology-jaipur/all-questions'}"
AIIMS Jodhpur - All India Institute of Medical Sciences Jodhpur,N/A,4.6/5,4 Reviews,NIRF Ranking: 83,,"{'Admissions': 'https://www.careers360.com/university/all-india-institute-of-medical-sciences-jodhpur/admission', 'Placements': 'https://www.careers360.com/university/all-india-institute-of-medical-sciences-jodhpur/placement', 'Courses': 'https://www.careers360.com/university/all-india-institute-of-medical-sciences-jodhpur/courses', 'Facilities': 'https://www.careers360.com/university/all-india-institute-of-medical-sciences-jodhpur/facilities', 'QnA': 'https://www.careers360.com/university/all-india-institute-of-medical-sciences-jodhpur/all-questions'}"
"Sathyabama University - Sathyabama Institute of Science and Technology, Chennai",N/A,4.2/5,164 Reviews,NIRF Ranking: 85,"SAEEE, B.E /B.Tech (24 Courses)","{'Admissions': 'https://www.careers360.com/university/sathyabama-institute-of-science-and-technology-chennai/admission', 'Placements': 'https://www.careers360.com/university/sathyabama-institute-of-science-and-technology-chennai/placement', 'Courses': 'https://www.careers360.com/university/sathyabama-institute-of-science-and-technology-chennai/courses', 'Facilities': 'https://www.careers360.com/university/sathyabama-institute-of-science-and-technology-chennai/facilities', 'QnA': 'https://www.careers360.com/university/sathyabama-institute-of-science-and-technology-chennai/all-questions'}"
"Mysore University - University of Mysore, Mysore",N/A,4.2/5,22 Reviews,NIRF Ranking: 86,,"{'Admissions': 'https://www.careers360.com/university/university-of-mysore-mysore/admission', 'Placements': 'https://www.careers360.com/university/university-of-mysore-mysore/placement', 'Courses': 'https://www.careers360.com/university/university-of-mysore-mysore/courses', 'Facilities': 'https://www.careers360.com/university/university-of-mysore-mysore/facilities', 'QnA': 'https://www.careers360.com/university/university-of-mysore-mysore/all-questions'}"
"Jammu University - University of Jammu, Jammu",N/A,3.7/5,50 Reviews,NIRF Ranking: 87,"JEE Main, Jammu and Kashmir Common Entrance Test, B.E /B.Tech (6 Courses)","{'Admissions': 'https://www.careers360.com/university/university-of-jammu-jammu/admission', 'Placements': 'https://www.careers360.com/university/university-of-jammu-jammu/placement', 'Courses': 'https://www.careers360.com/university/university-of-jammu-jammu/courses', 'Facilities': 'https://www.careers360.com/university/university-of-jammu-jammu/facilities', 'QnA': 'https://www.careers360.com/university/university-of-jammu-jammu/all-questions'}"
"KGMU Lucknow - King George's Medical University, Lucknow",N/A,4.6/5,19 Reviews,NIRF Ranking: 88,B.Sc. (1 Course),"{'Admissions': 'https://www.careers360.com/university/king-georges-medical-university-lucknow/admission', 'Placements': 'https://www.careers360.com/university/king-georges-medical-university-lucknow/placement', 'Courses': 'https://www.careers360.com/university/king-georges-medical-university-lucknow/courses', 'Facilities': 'https://www.careers360.com/university/king-georges-medical-university-lucknow/facilities', 'QnA': 'https://www.careers360.com/university/king-georges-medical-university-lucknow/all-questions'}"
"Shoolini University Solan - Shoolini University of Biotechnology and Management Sciences, Solan",N/A,4.4/5,173 Reviews,NIRF Ranking: 89,"CUET UG, B.Pharma (2 Courses)","{'Admissions': 'https://www.careers360.com/university/shoolini-university-of-biotechnology-and-management-sciences-solan/admission', 'Placements': 'https://www.careers360.com/university/shoolini-university-of-biotechnology-and-management-sciences-solan/placement', 'Courses': 'https://www.careers360.com/university/shoolini-university-of-biotechnology-and-management-sciences-solan/courses', 'Facilities': 'https://www.careers360.com/university/shoolini-university-of-biotechnology-and-management-sciences-solan/facilities', 'QnA': 'https://www.careers360.com/university/shoolini-university-of-biotechnology-and-management-sciences-solan/all-questions'}"
"Christ University - Christ University, Bangalore",N/A,4.2/5,458 Reviews,NIRF Ranking: 90,,"{'Admissions': 'https://www.careers360.com/university/christ-university-bangalore/admission', 'Placements': 'https://www.careers360.com/university/christ-university-bangalore/placement', 'Courses': 'https://www.careers360.com/university/christ-university-bangalore/courses', 'Facilities': 'https://www.careers360.com/university/christ-university-bangalore/facilities', 'QnA': 'https://www.careers360.com/university/christ-university-bangalore/all-questions'}"
"Bharath Institute of Higher Education and Research, Chennai",N/A,3.8/5,70 Reviews,NIRF Ranking: 91,"BEEE, B.E /B.Tech (33 Courses)","{'Admissions': 'https://www.careers360.com/university/bharath-institute-of-higher-education-and-research-chennai/admission', 'Placements': 'https://www.careers360.com/university/bharath-institute-of-higher-education-and-research-chennai/placement', 'Courses': 'https://www.careers360.com/university/bharath-institute-of-higher-education-and-research-chennai/courses', 'Facilities': 'https://www.careers360.com/university/bharath-institute-of-higher-education-and-research-chennai/facilities', 'QnA': 'https://www.careers360.com/university/bharath-institute-of-higher-education-and-research-chennai/all-questions'}"
NIT Silchar - National Institute of Technology Silchar,N/A,4.3/5,164 Reviews,NIRF Ranking: 92,"JEE Main, B.E /B.Tech (6 Courses)","{'Admissions': 'https://www.careers360.com/university/national-institute-of-technology-silchar/admission', 'Placements': 'https://www.careers360.com/university/national-institute-of-technology-silchar/placement', 'Courses': 'https://www.careers360.com/university/national-institute-of-technology-silchar/courses', 'Facilities': 'https://www.careers360.com/university/national-institute-of-technology-silchar/facilities', 'QnA': 'https://www.careers360.com/university/national-institute-of-technology-silchar/all-questions'}"
NIT Durgapur - National Institute of Technology Durgapur,N/A,4.1/5,168 Reviews,NIRF Ranking: 93,"JEE Main, B.E /B.Tech (9 Courses)","{'Admissions': 'https://www.careers360.com/university/national-institute-of-technology-durgapur/admission', 'Placements': 'https://www.careers360.com/university/national-institute-of-technology-durgapur/placement', 'Courses': 'https://www.careers360.com/university/national-institute-of-technology-durgapur/courses', 'Facilities': 'https://www.careers360.com/university/national-institute-of-technology-durgapur/facilities', 'QnA': 'https://www.careers360.com/university/national-institute-of-technology-durgapur/all-questions'}"
"Gujarat University - Gujarat University, Ahmedabad",N/A,3.8/5,19 Reviews,NIRF Ranking: 94,,"{'Admissions': 'https://www.careers360.com/university/gujarat-university-ahmedabad/admission', 'Placements': 'https://www.careers360.com/university/gujarat-university-ahmedabad/placement', 'Courses': 'https://www.careers360.com/university/gujarat-university-ahmedabad/courses', 'Facilities': 'https://www.careers360.com/university/gujarat-university-ahmedabad/facilities', 'QnA': 'https://www.careers360.com/university/gujarat-university-ahmedabad/all-questions'}"
"Shiv Nadar University, Greater Noida",N/A,4.6/5,100 Reviews,NIRF Ranking: 95,"JEE Main, B.E /B.Tech (5 Courses)","{'Admissions': 'https://www.careers360.com/university/shiv-nadar-university-greater-noida/admission', 'Placements': 'https://www.careers360.com/university/shiv-nadar-university-greater-noida/placement', 'Courses': 'https://www.careers360.com/university/shiv-nadar-university-greater-noida/courses', 'Facilities': 'https://www.careers360.com/university/shiv-nadar-university-greater-noida/facilities', 'QnA': 'https://www.careers360.com/university/shiv-nadar-university-greater-noida/all-questions'}"
"Sri Ramachandra Institute of Higher Education and Research, Chennai",N/A,4.3/5,3 Reviews,NIRF Ranking: 96,B.Sc.(Hons) (3 Courses),"{'Admissions': 'https://www.careers360.com/university/sri-ramachandra-institute-of-higher-education-and-research-chennai/admission', 'Placements': 'https://www.careers360.com/university/sri-ramachandra-institute-of-higher-education-and-research-chennai/placement', 'Courses': 'https://www.careers360.com/university/sri-ramachandra-institute-of-higher-education-and-research-chennai/courses', 'Facilities': 'https://www.careers360.com/university/sri-ramachandra-institute-of-higher-education-and-research-chennai/facilities', 'QnA': 'https://www.careers360.com/university/sri-ramachandra-institute-of-higher-education-and-research-chennai/all-questions'}"
"ANU Guntur - Acharya Nagarjuna University, Guntur",N/A,4.8/5,94 Reviews,NIRF Ranking: 97,"AP EAMCET, B.E /B.Tech (11 Courses)","{'Admissions': 'https://www.careers360.com/university/acharya-nagarjuna-university-guntur/admission', 'Placements': 'https://www.careers360.com/university/acharya-nagarjuna-university-guntur/placement', 'Courses': 'https://www.careers360.com/university/acharya-nagarjuna-university-guntur/courses', 'Facilities': 'https://www.careers360.com/university/acharya-nagarjuna-university-guntur/facilities', 'QnA': 'https://www.careers360.com/university/acharya-nagarjuna-university-guntur/all-questions'}"
"TISS Mumbai - Tata Institute of Social Sciences, Mumbai",N/A,4.7/5,82 Reviews,NIRF Ranking: 98,B.Sc. (1 Course),"{'Admissions': 'https://www.careers360.com/university/tata-institute-of-social-sciences-mumbai/admission', 'Placements': 'https://www.careers360.com/university/tata-institute-of-social-sciences-mumbai/placement', 'Courses': 'https://www.careers360.com/university/tata-institute-of-social-sciences-mumbai/courses', 'Facilities': 'https://www.careers360.com/university/tata-institute-of-social-sciences-mumbai/facilities', 'QnA': 'https://www.careers360.com/university/tata-institute-of-social-sciences-mumbai/all-questions'}"
AIIMS Patna - All India Institute of Medical Sciences Patna,N/A,4.8/5,2 Reviews,NIRF Ranking: 99,"INI CET, M.S. (5 Courses)","{'Admissions': 'https://www.careers360.com/university/all-india-institute-of-medical-sciences-patna/admission', 'Placements': 'https://www.careers360.com/university/all-india-institute-of-medical-sciences-patna/placement', 'Courses': 'https://www.careers360.com/university/all-india-institute-of-medical-sciences-patna/courses', 'Facilities': 'https://www.careers360.com/university/all-india-institute-of-medical-sciences-patna/facilities', 'QnA': 'https://www.careers360.com/university/all-india-institute-of-medical-sciences-patna/all-questions'}"
"Periyar University - Periyar University, Salem",N/A,4.4/5,13 Reviews,NIRF Ranking: 100,B.Sc. (14 Courses),"{'Admissions': 'https://www.careers360.com/university/periyar-university-salem/admission', 'Placements': 'https://www.careers360.com/university/periyar-university-salem/placement', 'Courses': 'https://www.careers360.com/university/periyar-university-salem/courses', 'Facilities': 'https://www.careers360.com/university/periyar-university-salem/facilities', 'QnA': 'https://www.careers360.com/university/periyar-university-salem/all-questions'}"
"Ashoka University, Sonepat",N/A,4.5/5,2 Reviews,NIRF Ranking: 101-150,B.Sc.(Hons) (6 Courses),"{'Admissions': 'https://www.careers360.com/university/ashoka-university-sonepat/admission', 'Placements': 'https://www.careers360.com/university/ashoka-university-sonepat/placement', 'Courses': 'https://www.careers360.com/university/ashoka-university-sonepat/courses', 'Facilities': 'https://www.careers360.com/university/ashoka-university-sonepat/facilities', 'QnA': 'https://www.careers360.com/university/ashoka-university-sonepat/all-questions'}"
"Banasthali Vidyapith, Banasthali",N/A,4.5/5,585 Reviews,NIRF Ranking: 101-150,"Banasthali Vidyapith Aptitude Test, B.E /B.Tech (10 Courses)","{'Admissions': 'https://www.careers360.com/university/banasthali-vidyapith-banasthali/admission', 'Placements': 'https://www.careers360.com/university/banasthali-vidyapith-banasthali/placement', 'Courses': 'https://www.careers360.com/university/banasthali-vidyapith-banasthali/courses', 'Facilities': 'https://www.careers360.com/university/banasthali-vidyapith-banasthali/facilities', 'QnA': 'https://www.careers360.com/university/banasthali-vidyapith-banasthali/all-questions'}"
"Bangalore University - Bangalore University, Bangalore",N/A,4.4/5,17 Reviews,NIRF Ranking: 101-150,B.Sc. (14 Courses),"{'Admissions': 'https://www.careers360.com/university/bangalore-university-bangalore/admission', 'Placements': 'https://www.careers360.com/university/bangalore-university-bangalore/placement', 'Courses': 'https://www.careers360.com/university/bangalore-university-bangalore/courses', 'Facilities': 'https://www.careers360.com/university/bangalore-university-bangalore/facilities', 'QnA': 'https://www.careers360.com/university/bangalore-university-bangalore/all-questions'}"
"BIT Mesra - Birla Institute of Technology, Mesra",N/A,4.2/5,215 Reviews,NIRF Ranking: 101-150,"JEE Main, B.E /B.Tech (11 Courses)","{'Admissions': 'https://www.careers360.com/university/birla-institute-of-technology-mesra/admission', 'Placements': 'https://www.careers360.com/university/birla-institute-of-technology-mesra/placement', 'Courses': 'https://www.careers360.com/university/birla-institute-of-technology-mesra/courses', 'Facilities': 'https://www.careers360.com/university/birla-institute-of-technology-mesra/facilities', 'QnA': 'https://www.careers360.com/university/birla-institute-of-technology-mesra/all-questions'}"
"Central University of Punjab, Bathinda",N/A,4.6/5,37 Reviews,NIRF Ranking: 101-150,,"{'Admissions': 'https://www.careers360.com/university/central-university-of-punjab-bathinda/admission', 'Placements': 'https://www.careers360.com/university/central-university-of-punjab-bathinda/placement', 'Courses': 'https://www.careers360.com/university/central-university-of-punjab-bathinda/courses', 'Facilities': 'https://www.careers360.com/university/central-university-of-punjab-bathinda/facilities'}"
"Central University of Tamil Nadu, Thiruvarur",N/A,4.4/5,6 Reviews,NIRF Ranking: 101-150,"CUET PG, M.Sc. (10 Courses)","{'Admissions': 'https://www.careers360.com/university/central-university-of-tamil-nadu-thiruvarur/admission', 'Placements': 'https://www.careers360.com/university/central-university-of-tamil-nadu-thiruvarur/placement', 'Courses': 'https://www.careers360.com/university/central-university-of-tamil-nadu-thiruvarur/courses', 'Facilities': 'https://www.careers360.com/university/central-university-of-tamil-nadu-thiruvarur/facilities', 'QnA': 'https://www.careers360.com/university/central-university-of-tamil-nadu-thiruvarur/all-questions'}"
"CCSHAU Hisar - Chaudhary Charan Singh Haryana Agricultural University, Hisar",N/A,4.4/5,18 Reviews,NIRF Ranking: 101-150,B.Sc.(Hons) (2 Courses),"{'Admissions': 'https://www.careers360.com/university/chaudhary-charan-singh-haryana-agricultural-university-hisar/admission', 'Placements': 'https://www.careers360.com/university/chaudhary-charan-singh-haryana-agricultural-university-hisar/placement', 'Courses': 'https://www.careers360.com/university/chaudhary-charan-singh-haryana-agricultural-university-hisar/courses', 'Facilities': 'https://www.careers360.com/university/chaudhary-charan-singh-haryana-agricultural-university-hisar/facilities', 'QnA': 'https://www.careers360.com/university/chaudhary-charan-singh-haryana-agricultural-university-hisar/all-questions'}"
"Chettinad Academy of Research and Education, Kelambakkam",N/A,4.0/5,3 Reviews,NIRF Ranking: 101-150,B.Sc. (2 Courses),"{'Admissions': 'https://www.careers360.com/university/chettinad-academy-of-research-and-education-kelambakkam/admission', 'Placements': 'https://www.careers360.com/university/chettinad-academy-of-research-and-education-kelambakkam/placement', 'Courses': 'https://www.careers360.com/university/chettinad-academy-of-research-and-education-kelambakkam/courses', 'Facilities': 'https://www.careers360.com/university/chettinad-academy-of-research-and-education-kelambakkam/facilities', 'QnA': 'https://www.careers360.com/university/chettinad-academy-of-research-and-education-kelambakkam/all-questions'}"
"Chitkara University - Chitkara University, Patiala",N/A,4.2/5,313 Reviews,NIRF Ranking: 101-150,B.E /B.Tech (2 Courses),"{'Admissions': 'https://www.careers360.com/university/chitkara-university-patiala/admission', 'Placements': 'https://www.careers360.com/university/chitkara-university-patiala/placement', 'Courses': 'https://www.careers360.com/university/chitkara-university-patiala/courses', 'Facilities': 'https://www.careers360.com/university/chitkara-university-patiala/facilities', 'QnA': 'https://www.careers360.com/university/chitkara-university-patiala/all-questions'}"
"Dibrugarh University, Dibrugarh",N/A,4.1/5,13 Reviews,NIRF Ranking: 101-150,,"{'Admissions': 'https://www.careers360.com/university/dibrugarh-university-dibrugarh/admission', 'Placements': 'https://www.careers360.com/university/dibrugarh-university-dibrugarh/placement', 'Courses': 'https://www.careers360.com/university/dibrugarh-university-dibrugarh/courses', 'Facilities': 'https://www.careers360.com/university/dibrugarh-university-dibrugarh/facilities', 'QnA': 'https://www.careers360.com/university/dibrugarh-university-dibrugarh/all-questions'}"
NIT Jalandhar - Dr B R Ambedkar National Institute of Technology Jalandhar,N/A,4.0/5,283 Reviews,NIRF Ranking: 101-150,"JEE Main, B.E /B.Tech (14 Courses)","{'Admissions': 'https://www.careers360.com/university/dr-b-r-ambedkar-national-institute-of-technology-jalandhar/admission', 'Placements': 'https://www.careers360.com/university/dr-b-r-ambedkar-national-institute-of-technology-jalandhar/placement', 'Courses': 'https://www.careers360.com/university/dr-b-r-ambedkar-national-institute-of-technology-jalandhar/courses', 'Facilities': 'https://www.careers360.com/university/dr-b-r-ambedkar-national-institute-of-technology-jalandhar/facilities', 'QnA': 'https://www.careers360.com/university/dr-b-r-ambedkar-national-institute-of-technology-jalandhar/all-questions'}"
"Govind Ballabh Pant University of Agriculture and Technology, Pantnagar (GBPUAT Pantnagar) - Govind Ballabh Pant University of Agriculture and Technology, Pantnagar",N/A,4.5/5,32 Reviews,NIRF Ranking: 101-150,"JEE Main, B.E /B.Tech (8 Courses)","{'Admissions': 'https://www.careers360.com/university/govind-ballabh-pant-university-of-agriculture-and-technology-pantnagar/admission', 'Placements': 'https://www.careers360.com/university/govind-ballabh-pant-university-of-agriculture-and-technology-pantnagar/placement', 'Courses': 'https://www.careers360.com/university/govind-ballabh-pant-university-of-agriculture-and-technology-pantnagar/courses', 'Facilities': 'https://www.careers360.com/university/govind-ballabh-pant-university-of-agriculture-and-technology-pantnagar/facilities', 'QnA': 'https://www.careers360.com/university/govind-ballabh-pant-university-of-agriculture-and-technology-pantnagar/all-questions'}"
"GGSIPU Delhi - Guru Gobind Singh Indraprastha University, Delhi",N/A,4.2/5,118 Reviews,NIRF Ranking: 101-150,"IPU CET, B.E /B.Tech (15 Courses)","{'Admissions': 'https://www.careers360.com/university/guru-gobind-singh-indraprastha-university-delhi/admission', 'Placements': 'https://www.careers360.com/university/guru-gobind-singh-indraprastha-university-delhi/placement', 'Courses': 'https://www.careers360.com/university/guru-gobind-singh-indraprastha-university-delhi/courses', 'Facilities': 'https://www.careers360.com/university/guru-gobind-singh-indraprastha-university-delhi/facilities', 'QnA': 'https://www.careers360.com/university/guru-gobind-singh-indraprastha-university-delhi/all-questions'}"
IIEST Shibpur - Indian Institute of Engineering Science and Technology Shibpur,N/A,4.3/5,141 Reviews,NIRF Ranking: 101-150,"JEE Main, B.E /B.Tech (9 Courses)","{'Admissions': 'https://www.careers360.com/university/indian-institute-of-engineering-science-and-technology-shibpur/admission', 'Placements': 'https://www.careers360.com/university/indian-institute-of-engineering-science-and-technology-shibpur/placement', 'Courses': 'https://www.careers360.com/university/indian-institute-of-engineering-science-and-technology-shibpur/courses', 'Facilities': 'https://www.careers360.com/university/indian-institute-of-engineering-science-and-technology-shibpur/facilities', 'QnA': 'https://www.careers360.com/university/indian-institute-of-engineering-science-and-technology-shibpur/all-questions'}"
"IIST Thiruvananthapuram - Indian Institute of Space Science and Technology, Thiruvananthapuram",N/A,4.5/5,15 Reviews,NIRF Ranking: 101-150,"JEE Advanced, B.E /B.Tech (3 Courses)","{'Admissions': 'https://www.careers360.com/university/indian-institute-of-space-science-and-technology-thiruvananthapuram/admission', 'Placements': 'https://www.careers360.com/university/indian-institute-of-space-science-and-technology-thiruvananthapuram/placement', 'Courses': 'https://www.careers360.com/university/indian-institute-of-space-science-and-technology-thiruvananthapuram/courses', 'Facilities': 'https://www.careers360.com/university/indian-institute-of-space-science-and-technology-thiruvananthapuram/facilities', 'QnA': 'https://www.careers360.com/university/indian-institute-of-space-science-and-technology-thiruvananthapuram/all-questions'}"
IIT Bhubaneswar - Indian Institute of Technology Bhubaneswar,N/A,4.3/5,32 Reviews,NIRF Ranking: 101-150,"JEE Advanced, B.E /B.Tech (7 Courses)","{'Admissions': 'https://www.careers360.com/university/indian-institute-of-technology-bhubaneswar/admission', 'Placements': 'https://www.careers360.com/university/indian-institute-of-technology-bhubaneswar/placement', 'Courses': 'https://www.careers360.com/university/indian-institute-of-technology-bhubaneswar/courses', 'Facilities': 'https://www.careers360.com/university/indian-institute-of-technology-bhubaneswar/facilities', 'QnA': 'https://www.careers360.com/university/indian-institute-of-technology-bhubaneswar/all-questions'}"
IIT Palakkad - Indian Institute of Technology Palakkad,N/A,4.1/5,21 Reviews,NIRF Ranking: 101-150,"JEE Advanced, B.E /B.Tech (5 Courses)","{'Admissions': 'https://www.careers360.com/university/indian-institute-of-technology-palakkad/admission', 'Placements': 'https://www.careers360.com/university/indian-institute-of-technology-palakkad/placement', 'Courses': 'https://www.careers360.com/university/indian-institute-of-technology-palakkad/courses', 'Facilities': 'https://www.careers360.com/university/indian-institute-of-technology-palakkad/facilities', 'QnA': 'https://www.careers360.com/university/indian-institute-of-technology-palakkad/all-questions'}"
IIT Tirupati - Indian Institute of Technology Tirupati,N/A,4.6/5,16 Reviews,NIRF Ranking: 101-150,"JEE Advanced, B.E /B.Tech (6 Courses)","{'Admissions': 'https://www.careers360.com/university/indian-institute-of-technology-tirupati/admission', 'Placements': 'https://www.careers360.com/university/indian-institute-of-technology-tirupati/placement', 'Courses': 'https://www.careers360.com/university/indian-institute-of-technology-tirupati/courses', 'Facilities': 'https://www.careers360.com/university/indian-institute-of-technology-tirupati/facilities', 'QnA': 'https://www.careers360.com/university/indian-institute-of-technology-tirupati/all-questions'}"
"IIIT Hyderabad - International Institute of Information Technology, Hyderabad",N/A,4.5/5,34 Reviews,NIRF Ranking: 101-150,B.E /B.Tech (2 Courses),"{'Admissions': 'https://www.careers360.com/university/international-institute-of-information-technology-hyderabad/admission', 'Placements': 'https://www.careers360.com/university/international-institute-of-information-technology-hyderabad/placement', 'Courses': 'https://www.careers360.com/university/international-institute-of-information-technology-hyderabad/courses', 'Facilities': 'https://www.careers360.com/university/international-institute-of-information-technology-hyderabad/facilities', 'QnA': 'https://www.careers360.com/university/international-institute-of-information-technology-hyderabad/all-questions'}"
"Jain Deemed to be University, Bangalore - Jain Deemed to be University, Bangalore",N/A,4.1/5,128 Reviews,NIRF Ranking: 101-150,"JEE Main, Consortium of Medical, Engineering and Dental Colleges of Karnataka Under Graduate Entrance Test, Uni- Gauge-E Entrance Exam, Jain Entrance Test, B.E /B.Tech (62 Courses)","{'Admissions': 'https://www.careers360.com/university/jain-deemed-be-university-bangalore/admission', 'Placements': 'https://www.careers360.com/university/jain-deemed-be-university-bangalore/placement', 'Courses': 'https://www.careers360.com/university/jain-deemed-be-university-bangalore/courses', 'Facilities': 'https://www.careers360.com/university/jain-deemed-be-university-bangalore/facilities', 'QnA': 'https://www.careers360.com/university/jain-deemed-be-university-bangalore/all-questions'}"
"MMMUT Gorakhpur - Madan Mohan Malaviya University of Technology, Gorakhpur",N/A,4.2/5,176 Reviews,NIRF Ranking: 101-150,"JEE Main, B.E /B.Tech (15 Courses)","{'Admissions': 'https://www.careers360.com/university/madan-mohan-malaviya-university-of-technology-gorakhpur/admission', 'Placements': 'https://www.careers360.com/university/madan-mohan-malaviya-university-of-technology-gorakhpur/placement', 'Courses': 'https://www.careers360.com/university/madan-mohan-malaviya-university-of-technology-gorakhpur/courses', 'Facilities': 'https://www.careers360.com/university/madan-mohan-malaviya-university-of-technology-gorakhpur/facilities', 'QnA': 'https://www.careers360.com/university/madan-mohan-malaviya-university-of-technology-gorakhpur/all-questions'}"
"Madurai Kamaraj University - Madurai Kamaraj University, Madurai",N/A,4.2/5,28 Reviews,NIRF Ranking: 101-150,B.Sc. (14 Courses),"{'Admissions': 'https://www.careers360.com/university/madurai-kamaraj-university-madurai/admission', 'Placements': 'https://www.careers360.com/university/madurai-kamaraj-university-madurai/placement', 'Courses': 'https://www.careers360.com/university/madurai-kamaraj-university-madurai/courses', 'Facilities': 'https://www.careers360.com/university/madurai-kamaraj-university-madurai/facilities', 'QnA': 'https://www.careers360.com/university/madurai-kamaraj-university-madurai/all-questions'}"
"MMU Ambala - Maharishi Markandeshwar University, Ambala",N/A,3.5/5,33 Reviews,NIRF Ranking: 101-150,"NEET PG, M.S. (5 Courses)","{'Admissions': 'https://www.careers360.com/university/maharishi-markandeshwar-university-ambala/admission', 'Placements': 'https://www.careers360.com/university/maharishi-markandeshwar-university-ambala/placement', 'Courses': 'https://www.careers360.com/university/maharishi-markandeshwar-university-ambala/courses', 'Facilities': 'https://www.careers360.com/university/maharishi-markandeshwar-university-ambala/facilities', 'QnA': 'https://www.careers360.com/university/maharishi-markandeshwar-university-ambala/all-questions'}"
"MRIIRS Faridabad - Manav Rachna International Institute of Research and Studies, Faridabad",N/A,3.7/5,116 Reviews,NIRF Ranking: 101-150,"JEE Main, B.E /B.Tech (18 Courses)","{'Admissions': 'https://www.careers360.com/university/manav-rachna-international-institute-of-research-and-studies-faridabad/admission', 'Placements': 'https://www.careers360.com/university/manav-rachna-international-institute-of-research-and-studies-faridabad/placement', 'Courses': 'https://www.careers360.com/university/manav-rachna-international-institute-of-research-and-studies-faridabad/courses', 'Facilities': 'https://www.careers360.com/university/manav-rachna-international-institute-of-research-and-studies-faridabad/facilities', 'QnA': 'https://www.careers360.com/university/manav-rachna-international-institute-of-research-and-studies-faridabad/all-questions'}"
"Manipal University, Jaipur",N/A,4.2/5,402 Reviews,NIRF Ranking: 101-150,,"{'Admissions': 'https://www.careers360.com/university/manipal-university-jaipur/admission', 'Placements': 'https://www.careers360.com/university/manipal-university-jaipur/placement', 'Courses': 'https://www.careers360.com/university/manipal-university-jaipur/courses', 'Facilities': 'https://www.careers360.com/university/manipal-university-jaipur/facilities', 'QnA': 'https://www.careers360.com/university/manipal-university-jaipur/all-questions'}"
"Manonmaniam Sundaranar University, Tirunelveli",N/A,5.0/5,1 Reviews,NIRF Ranking: 101-150,B.Sc. (8 Courses),"{'Admissions': 'https://www.careers360.com/university/manonmaniam-sundaranar-university-tirunelveli/admission', 'Placements': 'https://www.careers360.com/university/manonmaniam-sundaranar-university-tirunelveli/placement', 'Courses': 'https://www.careers360.com/university/manonmaniam-sundaranar-university-tirunelveli/courses', 'Facilities': 'https://www.careers360.com/university/manonmaniam-sundaranar-university-tirunelveli/facilities', 'QnA': 'https://www.careers360.com/university/manonmaniam-sundaranar-university-tirunelveli/all-questions'}"
"Mizoram University, Aizawl",N/A,4.3/5,11 Reviews,NIRF Ranking: 101-150,,"{'Admissions': 'https://www.careers360.com/university/mizoram-university-aizawl/admission', 'Placements': 'https://www.careers360.com/university/mizoram-university-aizawl/placement', 'Courses': 'https://www.careers360.com/university/mizoram-university-aizawl/courses', 'Facilities': 'https://www.careers360.com/university/mizoram-university-aizawl/facilities', 'QnA': 'https://www.careers360.com/university/mizoram-university-aizawl/all-questions'}"
NIT Patna - National Institute of Technology Patna,N/A,4.0/5,66 Reviews,NIRF Ranking: 101-150,"JEE Main, B.E /B.Tech (7 Courses)","{'Admissions': 'https://www.careers360.com/university/national-institute-of-technology-patna/admission', 'Placements': 'https://www.careers360.com/university/national-institute-of-technology-patna/placement', 'Courses': 'https://www.careers360.com/university/national-institute-of-technology-patna/courses', 'Facilities': 'https://www.careers360.com/university/national-institute-of-technology-patna/facilities', 'QnA': 'https://www.careers360.com/university/national-institute-of-technology-patna/all-questions'}"
NIT Raipur - National Institute of Technology Raipur,N/A,4.0/5,185 Reviews,NIRF Ranking: 101-150,"JEE Main, B.E /B.Tech (11 Courses)","{'Admissions': 'https://www.careers360.com/university/national-institute-of-technology-raipur/admission', 'Placements': 'https://www.careers360.com/university/national-institute-of-technology-raipur/placement', 'Courses': 'https://www.careers360.com/university/national-institute-of-technology-raipur/courses', 'Facilities': 'https://www.careers360.com/university/national-institute-of-technology-raipur/facilities', 'QnA': 'https://www.careers360.com/university/national-institute-of-technology-raipur/all-questions'}"
NIT Srinagar - National Institute of Technology Srinagar,N/A,3.9/5,42 Reviews,NIRF Ranking: 101-150,"JEE Main, B.E /B.Tech (8 Courses)","{'Admissions': 'https://www.careers360.com/university/national-institute-of-technology-srinagar/admission', 'Placements': 'https://www.careers360.com/university/national-institute-of-technology-srinagar/placement', 'Courses': 'https://www.careers360.com/university/national-institute-of-technology-srinagar/courses', 'Facilities': 'https://www.careers360.com/university/national-institute-of-technology-srinagar/facilities', 'QnA': 'https://www.careers360.com/university/national-institute-of-technology-srinagar/all-questions'}"
"NSUT Delhi - Netaji Subhas University of Technology, New Delhi",N/A,4.3/5,219 Reviews,NIRF Ranking: 101-150,"JEE Main, B.E /B.Tech (18 Courses)","{'Admissions': 'https://www.careers360.com/university/netaji-subhas-university-of-technology-new-delhi/admission', 'Placements': 'https://www.careers360.com/university/netaji-subhas-university-of-technology-new-delhi/placement', 'Courses': 'https://www.careers360.com/university/netaji-subhas-university-of-technology-new-delhi/courses', 'Facilities': 'https://www.careers360.com/university/netaji-subhas-university-of-technology-new-delhi/facilities', 'QnA': 'https://www.careers360.com/university/netaji-subhas-university-of-technology-new-delhi/all-questions'}"
"Pondicherry University - Pondicherry University, Puducherry",N/A,4.5/5,90 Reviews,NIRF Ranking: 101-150,B.E /B.Tech (13 Courses),"{'Admissions': 'https://www.careers360.com/university/pondicherry-university-puducherry/admission', 'Placements': 'https://www.careers360.com/university/pondicherry-university-puducherry/placement', 'Courses': 'https://www.careers360.com/university/pondicherry-university-puducherry/courses', 'Facilities': 'https://www.careers360.com/university/pondicherry-university-puducherry/facilities', 'QnA': 'https://www.careers360.com/university/pondicherry-university-puducherry/all-questions'}"
"PSG Tech Coimbatore - PSG College of Technology, Coimbatore",N/A,4.5/5,133 Reviews,NIRF Ranking: 101-150,B.E /B.Tech (19 Courses),"{'Admissions': 'https://www.careers360.com/colleges/psg-college-of-technology-coimbatore/admission', 'Placements': 'https://www.careers360.com/colleges/psg-college-of-technology-coimbatore/placement', 'Courses': 'https://www.careers360.com/colleges/psg-college-of-technology-coimbatore/courses', 'Facilities': 'https://www.careers360.com/colleges/psg-college-of-technology-coimbatore/facilities', 'QnA': 'https://www.careers360.com/colleges/psg-college-of-technology-coimbatore/all-questions'}"
"MSRIT Bangalore - Ramaiah Institute of Technology, Bangalore",N/A,4.1/5,135 Reviews,NIRF Ranking: 101-150,"COMEDK UGET, Karnataka Common Entrance Test, B.E /B.Tech (17 Courses)","{'Admissions': 'https://www.careers360.com/colleges/ramaiah-institute-of-technology-bangalore/admission', 'Placements': 'https://www.careers360.com/colleges/ramaiah-institute-of-technology-bangalore/placement', 'Courses': 'https://www.careers360.com/colleges/ramaiah-institute-of-technology-bangalore/courses', 'Facilities': 'https://www.careers360.com/colleges/ramaiah-institute-of-technology-bangalore/facilities', 'QnA': 'https://www.careers360.com/colleges/ramaiah-institute-of-technology-bangalore/all-questions'}"
"SLIET - Sant Longowal Institute of Engineering and Technology, Longowal",N/A,4.5/5,300 Reviews,NIRF Ranking: 101-150,"JEE Main, B.E /B.Tech (15 Courses)","{'Admissions': 'https://www.careers360.com/university/sant-longowal-institute-of-engineering-and-technology-longowal/admission', 'Placements': 'https://www.careers360.com/university/sant-longowal-institute-of-engineering-and-technology-longowal/placement', 'Courses': 'https://www.careers360.com/university/sant-longowal-institute-of-engineering-and-technology-longowal/courses', 'Facilities': 'https://www.careers360.com/university/sant-longowal-institute-of-engineering-and-technology-longowal/facilities', 'QnA': 'https://www.careers360.com/university/sant-longowal-institute-of-engineering-and-technology-longowal/all-questions'}"
"Sharda University - Sharda University, Greater Noida",N/A,4.3/5,271 Reviews,NIRF Ranking: 101-150,B.Pharma (1 Course),"{'Admissions': 'https://www.careers360.com/university/sharda-university-greater-noida/admission', 'Placements': 'https://www.careers360.com/university/sharda-university-greater-noida/placement', 'Courses': 'https://www.careers360.com/university/sharda-university-greater-noida/courses', 'Facilities': 'https://www.careers360.com/university/sharda-university-greater-noida/facilities', 'QnA': 'https://www.careers360.com/university/sharda-university-greater-noida/all-questions'}"
"Sri Balaji Vidyapeeth, Pondicherry",N/A,N/A,N/A,NIRF Ranking: 101-150,B.Sc. (2 Courses),"{'Admissions': 'https://www.careers360.com/university/sri-balaji-vidyapeeth-pondicherry/admission', 'Placements': 'https://www.careers360.com/university/sri-balaji-vidyapeeth-pondicherry/placement', 'Courses': 'https://www.careers360.com/university/sri-balaji-vidyapeeth-pondicherry/courses', 'Facilities': 'https://www.careers360.com/university/sri-balaji-vidyapeeth-pondicherry/facilities'}"
"TNAU Coimbatore - Tamil Nadu Agricultural University, Coimbatore",N/A,3.6/5,8 Reviews,NIRF Ranking: 101-150,,"{'Admissions': 'https://www.careers360.com/university/tamil-nadu-agricultural-university-coimbatore/admission', 'Placements': 'https://www.careers360.com/university/tamil-nadu-agricultural-university-coimbatore/placement', 'Courses': 'https://www.careers360.com/university/tamil-nadu-agricultural-university-coimbatore/courses', 'Facilities': 'https://www.careers360.com/university/tamil-nadu-agricultural-university-coimbatore/facilities', 'QnA': 'https://www.careers360.com/university/tamil-nadu-agricultural-university-coimbatore/all-questions'}"
"Tezpur University - Tezpur University, Tezpur",N/A,4.1/5,46 Reviews,NIRF Ranking: 101-150,"JEE Main, B.E /B.Tech (6 Courses)","{'Admissions': 'https://www.careers360.com/university/tezpur-university-tezpur/admission', 'Placements': 'https://www.careers360.com/university/tezpur-university-tezpur/placement', 'Courses': 'https://www.careers360.com/university/tezpur-university-tezpur/courses', 'Facilities': 'https://www.careers360.com/university/tezpur-university-tezpur/facilities', 'QnA': 'https://www.careers360.com/university/tezpur-university-tezpur/all-questions'}"
"UCMS Delhi - University College of Medical Sciences, University of Delhi, Delhi",N/A,4.9/5,13 Reviews,NIRF Ranking: 101-150,CUET UG,"{'Admissions': 'https://www.careers360.com/colleges/university-college-of-medical-sciences-university-of-delhi-delhi/admission', 'Courses': 'https://www.careers360.com/colleges/university-college-of-medical-sciences-university-of-delhi-delhi/courses', 'Facilities': 'https://www.careers360.com/colleges/university-college-of-medical-sciences-university-of-delhi-delhi/facilities', 'QnA': 'https://www.careers360.com/colleges/university-college-of-medical-sciences-university-of-delhi-delhi/all-questions'}"
"Calicut University - University of Calicut, Malappuram",N/A,4.3/5,3 Reviews,NIRF Ranking: 101-150,B.Sc. (3 Courses),"{'Admissions': 'https://www.careers360.com/university/university-of-calicut-malappuram/admission', 'Placements': 'https://www.careers360.com/university/university-of-calicut-malappuram/placement', 'Courses': 'https://www.careers360.com/university/university-of-calicut-malappuram/courses', 'Facilities': 'https://www.careers360.com/university/university-of-calicut-malappuram/facilities', 'QnA': 'https://www.careers360.com/university/university-of-calicut-malappuram/all-questions'}"
"Mumbai University - University of Mumbai, Mumbai",N/A,4.0/5,39 Reviews,NIRF Ranking: 101-150,B.Sc. (10 Courses),"{'Admissions': 'https://www.careers360.com/university/university-of-mumbai-mumbai/admission', 'Placements': 'https://www.careers360.com/university/university-of-mumbai-mumbai/placement', 'Courses': 'https://www.careers360.com/university/university-of-mumbai-mumbai/courses', 'Facilities': 'https://www.careers360.com/university/university-of-mumbai-mumbai/facilities', 'QnA': 'https://www.careers360.com/university/university-of-mumbai-mumbai/all-questions'}"
"Vignan's Foundation for Science Technology and Research, Guntur",N/A,4.1/5,69 Reviews,NIRF Ranking: 101-150,"JEE Main, Andhra Pradesh Engineering Agriculture and Medical Common Entrance Test, B.E /B.Tech (39 Courses)","{'Admissions': 'https://www.careers360.com/university/vignans-foundation-for-science-technology-and-research-guntur/admission', 'Placements': 'https://www.careers360.com/university/vignans-foundation-for-science-technology-and-research-guntur/placement', 'Courses': 'https://www.careers360.com/university/vignans-foundation-for-science-technology-and-research-guntur/courses', 'Facilities': 'https://www.careers360.com/university/vignans-foundation-for-science-technology-and-research-guntur/facilities', 'QnA': 'https://www.careers360.com/university/vignans-foundation-for-science-technology-and-research-guntur/all-questions'}"
"Visvesvaraya Technological University, Belagavi",N/A,4.8/5,24 Reviews,NIRF Ranking: 101-150,"KCET, B.E /B.Tech (5 Courses)","{'Admissions': 'https://www.careers360.com/university/visvesvaraya-technological-university-belagavi/admission', 'Placements': 'https://www.careers360.com/university/visvesvaraya-technological-university-belagavi/placement', 'Courses': 'https://www.careers360.com/university/visvesvaraya-technological-university-belagavi/courses', 'Facilities': 'https://www.careers360.com/university/visvesvaraya-technological-university-belagavi/facilities', 'QnA': 'https://www.careers360.com/university/visvesvaraya-technological-university-belagavi/all-questions'}"
"ANGRAU Guntur - Acharya NG Ranga Agricultural University, Guntur",N/A,3.9/5,5 Reviews,NIRF Ranking: 151-200,AP EAMCET,"{'Admissions': 'https://www.careers360.com/university/acharya-ng-ranga-agricultural-university-guntur/admission', 'Placements': 'https://www.careers360.com/university/acharya-ng-ranga-agricultural-university-guntur/placement', 'Courses': 'https://www.careers360.com/university/acharya-ng-ranga-agricultural-university-guntur/courses', 'Facilities': 'https://www.careers360.com/university/acharya-ng-ranga-agricultural-university-guntur/facilities', 'QnA': 'https://www.careers360.com/university/acharya-ng-ranga-agricultural-university-guntur/all-questions'}"
"Amity University Gurgaon - Amity University, Gurugram",N/A,4.3/5,216 Reviews,NIRF Ranking: 151-200,B.Sc. (8 Courses),"{'Admissions': 'https://www.careers360.com/university/amity-university-gurugram/admission', 'Placements': 'https://www.careers360.com/university/amity-university-gurugram/placement', 'Courses': 'https://www.careers360.com/university/amity-university-gurugram/courses', 'Facilities': 'https://www.careers360.com/university/amity-university-gurugram/facilities', 'QnA': 'https://www.careers360.com/university/amity-university-gurugram/all-questions'}"
"Amity University, Kolkata",N/A,4.6/5,75 Reviews,NIRF Ranking: 151-200,B.Sc. (4 Courses),"{'Admissions': 'https://www.careers360.com/university/amity-university-kolkata/admission', 'Placements': 'https://www.careers360.com/university/amity-university-kolkata/placement', 'Courses': 'https://www.careers360.com/university/amity-university-kolkata/courses', 'Facilities': 'https://www.careers360.com/university/amity-university-kolkata/facilities', 'QnA': 'https://www.careers360.com/university/amity-university-kolkata/all-questions'}"
"Annamalai University - Annamalai University, Annamalai Nagar",N/A,4.1/5,23 Reviews,NIRF Ranking: 151-200,,"{'Admissions': 'https://www.careers360.com/university/annamalai-university-annamalai-nagar/admission', 'Placements': 'https://www.careers360.com/university/annamalai-university-annamalai-nagar/placement', 'Courses': 'https://www.careers360.com/university/annamalai-university-annamalai-nagar/courses', 'Facilities': 'https://www.careers360.com/university/annamalai-university-annamalai-nagar/facilities', 'QnA': 'https://www.careers360.com/university/annamalai-university-annamalai-nagar/all-questions'}"
"Avinashilingam Institute for Home Science and Higher Education for Women, Coimbatore",N/A,4.0/5,39 Reviews,NIRF Ranking: 151-200,"CUET UG, B.Sc. (24 Courses)","{'Admissions': 'https://www.careers360.com/university/avinashilingam-institute-for-home-science-and-higher-education-for-women-coimbatore/admission', 'Placements': 'https://www.careers360.com/university/avinashilingam-institute-for-home-science-and-higher-education-for-women-coimbatore/placement', 'Courses': 'https://www.careers360.com/university/avinashilingam-institute-for-home-science-and-higher-education-for-women-coimbatore/courses', 'Facilities': 'https://www.careers360.com/university/avinashilingam-institute-for-home-science-and-higher-education-for-women-coimbatore/facilities', 'QnA': 'https://www.careers360.com/university/avinashilingam-institute-for-home-science-and-higher-education-for-women-coimbatore/all-questions'}"
"BLDE University, Bijapur",N/A,4.4/5,2 Reviews,NIRF Ranking: 151-200,,"{'Admissions': 'https://www.careers360.com/university/blde-university-bijapur/admission', 'Placements': 'https://www.careers360.com/university/blde-university-bijapur/placement', 'Courses': 'https://www.careers360.com/university/blde-university-bijapur/courses', 'Facilities': 'https://www.careers360.com/university/blde-university-bijapur/facilities', 'QnA': 'https://www.careers360.com/university/blde-university-bijapur/all-questions'}"
"Central University of Kerala, Kasaragod",N/A,4.7/5,36 Reviews,NIRF Ranking: 151-200,"CUET PG, M.Sc. (11 Courses)","{'Admissions': 'https://www.careers360.com/university/central-university-of-kerala-kasaragod/admission', 'Placements': 'https://www.careers360.com/university/central-university-of-kerala-kasaragod/placement', 'Courses': 'https://www.careers360.com/university/central-university-of-kerala-kasaragod/courses', 'Facilities': 'https://www.careers360.com/university/central-university-of-kerala-kasaragod/facilities', 'QnA': 'https://www.careers360.com/university/central-university-of-kerala-kasaragod/all-questions'}"
"CEC Landran - Chandigarh Engineering College, Landran Campus, Mohali",N/A,4.5/5,111 Reviews,NIRF Ranking: 151-200,"JEE Main, B.E /B.Tech (11 Courses)","{'Admissions': 'https://www.careers360.com/colleges/chandigarh-engineering-college-landran-campus-mohali/admission', 'Placements': 'https://www.careers360.com/colleges/chandigarh-engineering-college-landran-campus-mohali/placement', 'Courses': 'https://www.careers360.com/colleges/chandigarh-engineering-college-landran-campus-mohali/courses', 'Facilities': 'https://www.careers360.com/colleges/chandigarh-engineering-college-landran-campus-mohali/facilities', 'QnA': 'https://www.careers360.com/colleges/chandigarh-engineering-college-landran-campus-mohali/all-questions'}"
"CIT Chennai - Chennai Institute of Technology, Chennai",N/A,4.5/5,93 Reviews,NIRF Ranking: 151-200,B.E /B.Tech (14 Courses),"{'Admissions': 'https://www.careers360.com/colleges/chennai-institute-of-technology-chennai/admission', 'Placements': 'https://www.careers360.com/colleges/chennai-institute-of-technology-chennai/placement', 'Courses': 'https://www.careers360.com/colleges/chennai-institute-of-technology-chennai/courses', 'Facilities': 'https://www.careers360.com/colleges/chennai-institute-of-technology-chennai/facilities', 'QnA': 'https://www.careers360.com/colleges/chennai-institute-of-technology-chennai/all-questions'}"
"COEP Pune - COEP Technological University, Pune",N/A,4.3/5,79 Reviews,NIRF Ranking: 151-200,"JEE Main, Maharashtra Common Entrance Test, B.E /B.Tech (11 Courses)","{'Admissions': 'https://www.careers360.com/university/coep-technological-university-pune/admission', 'Placements': 'https://www.careers360.com/university/coep-technological-university-pune/placement', 'Courses': 'https://www.careers360.com/university/coep-technological-university-pune/courses', 'Facilities': 'https://www.careers360.com/university/coep-technological-university-pune/facilities', 'QnA': 'https://www.careers360.com/university/coep-technological-university-pune/all-questions'}"
"CV Raman Global University, Bhubaneswar",N/A,3.7/5,117 Reviews,NIRF Ranking: 151-200,"JEE Main, Odisha Joint Entrance Examination, B.E /B.Tech (19 Courses)","{'Admissions': 'https://www.careers360.com/university/cv-raman-global-university-bhubaneswar/admission', 'Placements': 'https://www.careers360.com/university/cv-raman-global-university-bhubaneswar/placement', 'Courses': 'https://www.careers360.com/university/cv-raman-global-university-bhubaneswar/courses', 'Facilities': 'https://www.careers360.com/university/cv-raman-global-university-bhubaneswar/facilities', 'QnA': 'https://www.careers360.com/university/cv-raman-global-university-bhubaneswar/all-questions'}"
"Dr DY Patil University, Navi Mumbai",N/A,4.4/5,18 Reviews,NIRF Ranking: 151-200,,"{'Admissions': 'https://www.careers360.com/university/dr-dy-patil-university-navi-mumbai/admission', 'Placements': 'https://www.careers360.com/university/dr-dy-patil-university-navi-mumbai/placement', 'Courses': 'https://www.careers360.com/university/dr-dy-patil-university-navi-mumbai/courses', 'Facilities': 'https://www.careers360.com/university/dr-dy-patil-university-navi-mumbai/facilities', 'QnA': 'https://www.careers360.com/university/dr-dy-patil-university-navi-mumbai/all-questions'}"
"Dr MGR Educational and Research Institute, Chennai",N/A,4.1/5,38 Reviews,NIRF Ranking: 151-200,B.E /B.Tech (24 Courses),"{'Admissions': 'https://www.careers360.com/university/dr-mgr-educational-and-research-institute-chennai/admission', 'Placements': 'https://www.careers360.com/university/dr-mgr-educational-and-research-institute-chennai/placement', 'Courses': 'https://www.careers360.com/university/dr-mgr-educational-and-research-institute-chennai/courses', 'Facilities': 'https://www.careers360.com/university/dr-mgr-educational-and-research-institute-chennai/facilities', 'QnA': 'https://www.careers360.com/university/dr-mgr-educational-and-research-institute-chennai/all-questions'}"
"YSP University - Dr Yashwant Singh Parmar University of Horticulture and Forestry, Nauni",N/A,4.1/5,11 Reviews,NIRF Ranking: 151-200,M.Sc. (24 Courses),"{'Admissions': 'https://www.careers360.com/university/dr-yashwant-singh-parmar-university-of-horticulture-and-forestry-nauni/admission', 'Placements': 'https://www.careers360.com/university/dr-yashwant-singh-parmar-university-of-horticulture-and-forestry-nauni/placement', 'Courses': 'https://www.careers360.com/university/dr-yashwant-singh-parmar-university-of-horticulture-and-forestry-nauni/courses', 'Facilities': 'https://www.careers360.com/university/dr-yashwant-singh-parmar-university-of-horticulture-and-forestry-nauni/facilities'}"
